SnapshotDate,StoreID,ProductID,StockOnHand,ReservedQty,AvailableQty,ReorderPoint,SafetyStock
2026-05-25,S001,P0001,184,29,155,42,19
2026-05-25,S001,P0002,134,19,115,31,26
2026-05-25,S001,P0003,160,13,147,25,20
2026-05-25,S001,P0004,251,24,227,24,27
2026-05-25,S001,P0005,225,1,224,27,14
2026-05-25,S001,P0006,27,7,20,26,11
2026-05-25,S001,P0007,240,8,232,25,32
2026-05-25,S001,P0008,239,13,226,22,38
2026-05-25,S001,P0009,253,1,252,43,21
2026-05-25,S001,P0010,287,15,272,44,25
2026-05-25,S001,P0011,57,27,30,24,13
2026-05-25,S001,P0012,178,2,176,28,37
2026-05-25,S001,P0013,145,5,140,25,33
2026-05-25,S001,P0014,260,26,234,32,28
2026-05-25,S001,P0015,299,6,293,52,10
2026-05-25,S001,P0016,269,24,245,51,15
2026-05-25,S001,P0017,213,29,184,19,17
2026-05-25,S001,P0018,255,21,234,21,38
2026-05-25,S001,P0019,168,0,168,33,31
2026-05-25,S001,P0020,62,12,50,38,28
2026-05-25,S001,P0021,54,26,28,35,14
2026-05-25,S001,P0022,14,2,12,44,36
2026-05-25,S001,P0023,245,14,231,55,40
2026-05-25,S001,P0024,137,19,118,57,10
2026-05-25,S001,P0025,168,1,167,56,29
2026-05-25,S001,P0026,231,10,221,51,14
2026-05-25,S001,P0027,108,27,81,18,35
2026-05-25,S001,P0028,144,10,134,18,33
2026-05-25,S001,P0029,36,17,19,53,22
2026-05-25,S001,P0030,47,12,35,31,15
2026-05-25,S001,P0031,122,30,92,40,12
2026-05-25,S001,P0032,10,27,-17,28,15
2026-05-25,S001,P0033,198,24,174,40,19
2026-05-25,S001,P0034,78,3,75,34,25
2026-05-25,S001,P0035,221,23,198,34,38
2026-05-25,S001,P0036,67,11,56,57,13
2026-05-25,S001,P0037,188,16,172,27,25
2026-05-25,S001,P0038,228,28,200,39,25
2026-05-25,S001,P0039,137,18,119,53,23
2026-05-25,S001,P0040,46,24,22,42,35
2026-05-25,S001,P0041,188,19,169,26,23
2026-05-25,S001,P0042,218,2,216,17,26
2026-05-25,S001,P0043,174,14,160,58,17
2026-05-25,S001,P0044,79,29,50,46,26
2026-05-25,S001,P0045,268,2,266,33,24
2026-05-25,S001,P0046,223,2,221,45,19
2026-05-25,S001,P0047,76,4,72,58,38
2026-05-25,S001,P0048,153,26,127,30,26
2026-05-25,S001,P0049,218,9,209,51,11
2026-05-25,S001,P0050,282,2,280,17,26
2026-05-25,S001,P0051,55,16,39,42,23
2026-05-25,S001,P0052,48,14,34,57,33
2026-05-25,S001,P0053,291,26,265,31,21
2026-05-25,S001,P0054,130,18,112,20,34
2026-05-25,S001,P0055,257,0,257,22,33
2026-05-25,S001,P0056,236,5,231,26,36
2026-05-25,S001,P0057,201,1,200,20,23
2026-05-25,S001,P0058,152,10,142,52,33
2026-05-25,S001,P0059,232,24,208,57,24
2026-05-25,S001,P0060,135,10,125,26,16
2026-05-25,S001,P0061,94,2,92,53,18
2026-05-25,S001,P0062,54,13,41,49,10
2026-05-25,S001,P0063,2,12,-10,22,10
2026-05-25,S001,P0064,87,20,67,45,24
2026-05-25,S001,P0065,207,27,180,57,40
2026-05-25,S001,P0066,249,9,240,54,36
2026-05-25,S001,P0067,184,22,162,58,40
2026-05-25,S001,P0068,202,25,177,34,12
2026-05-25,S001,P0069,64,4,60,15,16
2026-05-25,S001,P0070,57,26,31,16,32
2026-05-25,S001,P0071,96,27,69,16,16
2026-05-25,S001,P0072,246,20,226,24,30
2026-05-25,S001,P0073,123,13,110,55,37
2026-05-25,S001,P0074,275,6,269,20,19
2026-05-25,S001,P0075,237,4,233,45,23
2026-05-25,S001,P0076,11,3,8,25,38
2026-05-25,S001,P0077,78,23,55,59,24
2026-05-25,S001,P0078,248,15,233,16,37
2026-05-25,S001,P0079,230,18,212,30,16
2026-05-25,S001,P0080,150,18,132,40,11
2026-05-25,S001,P0081,170,0,170,21,30
2026-05-25,S001,P0082,221,13,208,46,33
2026-05-25,S001,P0083,296,19,277,50,19
2026-05-25,S001,P0084,18,15,3,40,25
2026-05-25,S001,P0085,262,18,244,54,39
2026-05-25,S001,P0086,249,7,242,60,11
2026-05-25,S001,P0087,270,0,270,42,28
2026-05-25,S001,P0088,161,17,144,19,18
2026-05-25,S001,P0089,213,28,185,45,13
2026-05-25,S001,P0090,253,19,234,56,21
2026-05-25,S001,P0091,229,22,207,42,10
2026-05-25,S001,P0092,82,9,73,27,25
2026-05-25,S001,P0093,176,14,162,29,26
2026-05-25,S001,P0094,112,18,94,58,20
2026-05-25,S001,P0095,239,4,235,33,33
2026-05-25,S001,P0096,199,30,169,41,36
2026-05-25,S001,P0097,184,25,159,45,35
2026-05-25,S001,P0098,82,19,63,28,19
2026-05-25,S001,P0099,44,21,23,45,14
2026-05-25,S001,P0100,88,6,82,25,29
2026-05-25,S002,P0001,251,3,248,41,40
2026-05-25,S002,P0002,252,9,243,30,16
2026-05-25,S002,P0003,285,1,284,16,21
2026-05-25,S002,P0004,133,11,122,58,15
2026-05-25,S002,P0005,89,26,63,47,11
2026-05-25,S002,P0006,32,10,22,42,13
2026-05-25,S002,P0007,116,3,113,50,17
2026-05-25,S002,P0008,249,8,241,36,35
2026-05-25,S002,P0009,181,24,157,17,34
2026-05-25,S002,P0010,285,8,277,24,37
2026-05-25,S002,P0011,263,19,244,57,13
2026-05-25,S002,P0012,25,29,-4,43,35
2026-05-25,S002,P0013,234,30,204,22,13
2026-05-25,S002,P0014,52,26,26,50,11
2026-05-25,S002,P0015,259,3,256,25,30
2026-05-25,S002,P0016,60,27,33,28,39
2026-05-25,S002,P0017,185,5,180,33,32
2026-05-25,S002,P0018,226,24,202,47,25
2026-05-25,S002,P0019,50,4,46,56,21
2026-05-25,S002,P0020,171,26,145,23,13
2026-05-25,S002,P0021,103,14,89,41,34
2026-05-25,S002,P0022,3,7,-4,45,20
2026-05-25,S002,P0023,146,16,130,25,12
2026-05-25,S002,P0024,136,11,125,60,34
2026-05-25,S002,P0025,212,11,201,55,31
2026-05-25,S002,P0026,125,4,121,48,23
2026-05-25,S002,P0027,116,4,112,42,23
2026-05-25,S002,P0028,209,28,181,44,40
2026-05-25,S002,P0029,264,25,239,58,21
2026-05-25,S002,P0030,15,14,1,24,34
2026-05-25,S002,P0031,5,22,-17,48,40
2026-05-25,S002,P0032,35,2,33,36,20
2026-05-25,S002,P0033,205,24,181,25,23
2026-05-25,S002,P0034,31,12,19,17,31
2026-05-25,S002,P0035,77,28,49,51,11
2026-05-25,S002,P0036,266,9,257,41,22
2026-05-25,S002,P0037,283,27,256,34,33
2026-05-25,S002,P0038,160,29,131,37,10
2026-05-25,S002,P0039,143,28,115,48,29
2026-05-25,S002,P0040,75,22,53,40,24
2026-05-25,S002,P0041,105,28,77,49,29
2026-05-25,S002,P0042,226,22,204,37,38
2026-05-25,S002,P0043,207,24,183,27,38
2026-05-25,S002,P0044,154,2,152,17,27
2026-05-25,S002,P0045,171,12,159,23,26
2026-05-25,S002,P0046,276,9,267,28,12
2026-05-25,S002,P0047,261,17,244,34,26
2026-05-25,S002,P0048,174,24,150,55,15
2026-05-25,S002,P0049,11,0,11,49,28
2026-05-25,S002,P0050,132,7,125,34,33
2026-05-25,S002,P0051,216,16,200,22,33
2026-05-25,S002,P0052,30,26,4,38,18
2026-05-25,S002,P0053,259,11,248,22,11
2026-05-25,S002,P0054,63,14,49,34,28
2026-05-25,S002,P0055,2,14,-12,36,17
2026-05-25,S002,P0056,297,18,279,60,38
2026-05-25,S002,P0057,273,27,246,53,17
2026-05-25,S002,P0058,179,9,170,33,31
2026-05-25,S002,P0059,293,21,272,23,32
2026-05-25,S002,P0060,193,16,177,30,13
2026-05-25,S002,P0061,167,16,151,52,16
2026-05-25,S002,P0062,184,14,170,21,14
2026-05-25,S002,P0063,217,26,191,41,12
2026-05-25,S002,P0064,47,1,46,42,38
2026-05-25,S002,P0065,66,15,51,28,24
2026-05-25,S002,P0066,39,11,28,58,26
2026-05-25,S002,P0067,206,18,188,50,26
2026-05-25,S002,P0068,202,27,175,31,28
2026-05-25,S002,P0069,255,20,235,42,24
2026-05-25,S002,P0070,250,23,227,41,36
2026-05-25,S002,P0071,83,4,79,47,14
2026-05-25,S002,P0072,248,22,226,44,14
2026-05-25,S002,P0073,262,27,235,48,13
2026-05-25,S002,P0074,108,14,94,45,11
2026-05-25,S002,P0075,80,30,50,50,21
2026-05-25,S002,P0076,60,19,41,41,13
2026-05-25,S002,P0077,61,11,50,51,19
2026-05-25,S002,P0078,20,16,4,24,13
2026-05-25,S002,P0079,190,9,181,38,19
2026-05-25,S002,P0080,150,15,135,16,35
2026-05-25,S002,P0081,73,4,69,52,23
2026-05-25,S002,P0082,24,29,-5,34,38
2026-05-25,S002,P0083,145,6,139,26,36
2026-05-25,S002,P0084,250,0,250,22,27
2026-05-25,S002,P0085,178,2,176,17,23
2026-05-25,S002,P0086,246,18,228,34,28
2026-05-25,S002,P0087,231,28,203,36,35
2026-05-25,S002,P0088,193,15,178,53,14
2026-05-25,S002,P0089,70,16,54,55,24
2026-05-25,S002,P0090,230,21,209,43,14
2026-05-25,S002,P0091,166,2,164,54,31
2026-05-25,S002,P0092,209,12,197,29,38
2026-05-25,S002,P0093,202,10,192,49,11
2026-05-25,S002,P0094,226,23,203,32,30
2026-05-25,S002,P0095,45,27,18,25,32
2026-05-25,S002,P0096,12,18,-6,55,35
2026-05-25,S002,P0097,158,17,141,56,13
2026-05-25,S002,P0098,286,2,284,27,40
2026-05-25,S002,P0099,277,18,259,18,40
2026-05-25,S002,P0100,291,16,275,27,34
2026-05-25,S003,P0001,243,16,227,16,13
2026-05-25,S003,P0002,272,5,267,16,18
2026-05-25,S003,P0003,105,7,98,60,36
2026-05-25,S003,P0004,296,14,282,20,35
2026-05-25,S003,P0005,273,19,254,35,22
2026-05-25,S003,P0006,23,15,8,16,20
2026-05-25,S003,P0007,223,5,218,41,10
2026-05-25,S003,P0008,270,10,260,39,18
2026-05-25,S003,P0009,46,3,43,21,27
2026-05-25,S003,P0010,86,9,77,24,15
2026-05-25,S003,P0011,130,24,106,20,14
2026-05-25,S003,P0012,157,30,127,41,31
2026-05-25,S003,P0013,86,1,85,54,40
2026-05-25,S003,P0014,166,5,161,16,32
2026-05-25,S003,P0015,29,9,20,39,13
2026-05-25,S003,P0016,163,4,159,41,38
2026-05-25,S003,P0017,165,8,157,39,40
2026-05-25,S003,P0018,61,1,60,27,17
2026-05-25,S003,P0019,300,7,293,46,26
2026-05-25,S003,P0020,258,12,246,22,18
2026-05-25,S003,P0021,31,10,21,44,27
2026-05-25,S003,P0022,208,2,206,45,10
2026-05-25,S003,P0023,208,20,188,29,39
2026-05-25,S003,P0024,9,8,1,50,40
2026-05-25,S003,P0025,300,21,279,21,17
2026-05-25,S003,P0026,284,20,264,23,19
2026-05-25,S003,P0027,290,13,277,43,12
2026-05-25,S003,P0028,256,6,250,24,21
2026-05-25,S003,P0029,276,5,271,30,27
2026-05-25,S003,P0030,216,30,186,50,24
2026-05-25,S003,P0031,21,0,21,44,40
2026-05-25,S003,P0032,148,20,128,25,10
2026-05-25,S003,P0033,30,29,1,45,18
2026-05-25,S003,P0034,128,26,102,58,22
2026-05-25,S003,P0035,179,26,153,55,16
2026-05-25,S003,P0036,299,26,273,47,19
2026-05-25,S003,P0037,23,5,18,49,28
2026-05-25,S003,P0038,35,9,26,20,22
2026-05-25,S003,P0039,62,26,36,23,33
2026-05-25,S003,P0040,284,8,276,42,16
2026-05-25,S003,P0041,258,30,228,35,38
2026-05-25,S003,P0042,175,20,155,31,34
2026-05-25,S003,P0043,231,8,223,30,31
2026-05-25,S003,P0044,164,10,154,28,24
2026-05-25,S003,P0045,168,0,168,59,14
2026-05-25,S003,P0046,1,19,-18,45,10
2026-05-25,S003,P0047,4,21,-17,26,23
2026-05-25,S003,P0048,284,28,256,59,32
2026-05-25,S003,P0049,250,24,226,40,27
2026-05-25,S003,P0050,41,25,16,56,30
2026-05-25,S003,P0051,39,17,22,16,38
2026-05-25,S003,P0052,227,21,206,22,21
2026-05-25,S003,P0053,192,26,166,53,21
2026-05-25,S003,P0054,198,5,193,59,10
2026-05-25,S003,P0055,63,14,49,38,39
2026-05-25,S003,P0056,98,14,84,15,17
2026-05-25,S003,P0057,10,24,-14,32,31
2026-05-25,S003,P0058,183,6,177,20,36
2026-05-25,S003,P0059,155,25,130,60,17
2026-05-25,S003,P0060,119,15,104,38,11
2026-05-25,S003,P0061,143,15,128,60,32
2026-05-25,S003,P0062,107,0,107,27,36
2026-05-25,S003,P0063,202,3,199,32,28
2026-05-25,S003,P0064,256,15,241,25,27
2026-05-25,S003,P0065,99,21,78,51,31
2026-05-25,S003,P0066,289,5,284,19,28
2026-05-25,S003,P0067,65,23,42,19,14
2026-05-25,S003,P0068,132,29,103,51,37
2026-05-25,S003,P0069,116,28,88,48,33
2026-05-25,S003,P0070,140,6,134,58,10
2026-05-25,S003,P0071,272,19,253,31,31
2026-05-25,S003,P0072,286,28,258,44,10
2026-05-25,S003,P0073,218,20,198,58,40
2026-05-25,S003,P0074,26,27,-1,35,23
2026-05-25,S003,P0075,208,8,200,22,31
2026-05-25,S003,P0076,265,14,251,46,21
2026-05-25,S003,P0077,264,24,240,17,38
2026-05-25,S003,P0078,114,1,113,32,39
2026-05-25,S003,P0079,215,17,198,43,20
2026-05-25,S003,P0080,2,12,-10,27,20
2026-05-25,S003,P0081,41,28,13,51,35
2026-05-25,S003,P0082,12,23,-11,29,32
2026-05-25,S003,P0083,216,30,186,19,39
2026-05-25,S003,P0084,127,6,121,25,20
2026-05-25,S003,P0085,159,2,157,55,30
2026-05-25,S003,P0086,49,0,49,45,23
2026-05-25,S003,P0087,12,18,-6,55,39
2026-05-25,S003,P0088,171,26,145,31,17
2026-05-25,S003,P0089,55,15,40,30,40
2026-05-25,S003,P0090,174,26,148,18,36
2026-05-25,S003,P0091,170,16,154,30,40
2026-05-25,S003,P0092,37,24,13,53,29
2026-05-25,S003,P0093,224,24,200,21,30
2026-05-25,S003,P0094,228,18,210,22,12
2026-05-25,S003,P0095,31,29,2,17,22
2026-05-25,S003,P0096,160,28,132,59,12
2026-05-25,S003,P0097,65,1,64,43,11
2026-05-25,S003,P0098,154,19,135,55,23
2026-05-25,S003,P0099,33,3,30,58,11
2026-05-25,S003,P0100,286,1,285,33,37
2026-05-25,S004,P0001,195,12,183,21,29
2026-05-25,S004,P0002,210,7,203,53,35
2026-05-25,S004,P0003,5,14,-9,39,24
2026-05-25,S004,P0004,219,28,191,54,29
2026-05-25,S004,P0005,51,10,41,56,40
2026-05-25,S004,P0006,13,14,-1,48,20
2026-05-25,S004,P0007,300,6,294,21,13
2026-05-25,S004,P0008,6,19,-13,60,12
2026-05-25,S004,P0009,99,28,71,51,14
2026-05-25,S004,P0010,260,8,252,37,23
2026-05-25,S004,P0011,246,23,223,54,24
2026-05-25,S004,P0012,95,7,88,23,35
2026-05-25,S004,P0013,22,1,21,23,19
2026-05-25,S004,P0014,299,13,286,47,40
2026-05-25,S004,P0015,183,9,174,52,38
2026-05-25,S004,P0016,277,24,253,24,14
2026-05-25,S004,P0017,240,9,231,53,20
2026-05-25,S004,P0018,149,11,138,15,26
2026-05-25,S004,P0019,300,21,279,58,14
2026-05-25,S004,P0020,29,7,22,47,36
2026-05-25,S004,P0021,286,27,259,18,23
2026-05-25,S004,P0022,176,6,170,27,30
2026-05-25,S004,P0023,103,25,78,19,20
2026-05-25,S004,P0024,96,21,75,45,32
2026-05-25,S004,P0025,239,19,220,59,20
2026-05-25,S004,P0026,296,18,278,36,29
2026-05-25,S004,P0027,153,13,140,36,15
2026-05-25,S004,P0028,53,14,39,17,25
2026-05-25,S004,P0029,112,29,83,15,30
2026-05-25,S004,P0030,114,22,92,29,24
2026-05-25,S004,P0031,109,7,102,45,33
2026-05-25,S004,P0032,169,25,144,39,16
2026-05-25,S004,P0033,204,5,199,15,21
2026-05-25,S004,P0034,5,2,3,37,10
2026-05-25,S004,P0035,284,3,281,24,19
2026-05-25,S004,P0036,225,6,219,55,28
2026-05-25,S004,P0037,184,1,183,16,16
2026-05-25,S004,P0038,101,9,92,26,17
2026-05-25,S004,P0039,134,23,111,26,20
2026-05-25,S004,P0040,283,7,276,26,16
2026-05-25,S004,P0041,11,5,6,31,39
2026-05-25,S004,P0042,51,0,51,58,14
2026-05-25,S004,P0043,194,20,174,22,20
2026-05-25,S004,P0044,107,9,98,44,17
2026-05-25,S004,P0045,189,25,164,38,31
2026-05-25,S004,P0046,87,30,57,48,35
2026-05-25,S004,P0047,222,28,194,60,12
2026-05-25,S004,P0048,60,4,56,23,35
2026-05-25,S004,P0049,97,6,91,49,22
2026-05-25,S004,P0050,191,10,181,53,23
2026-05-25,S004,P0051,125,29,96,17,34
2026-05-25,S004,P0052,300,6,294,49,19
2026-05-25,S004,P0053,76,10,66,30,11
2026-05-25,S004,P0054,143,27,116,23,37
2026-05-25,S004,P0055,260,30,230,52,38
2026-05-25,S004,P0056,250,6,244,20,35
2026-05-25,S004,P0057,240,25,215,57,29
2026-05-25,S004,P0058,33,5,28,47,22
2026-05-25,S004,P0059,260,11,249,46,26
2026-05-25,S004,P0060,237,5,232,35,32
2026-05-25,S004,P0061,191,16,175,59,25
2026-05-25,S004,P0062,253,15,238,32,28
2026-05-25,S004,P0063,205,20,185,52,30
2026-05-25,S004,P0064,18,6,12,29,38
2026-05-25,S004,P0065,103,14,89,30,22
2026-05-25,S004,P0066,111,9,102,42,38
2026-05-25,S004,P0067,193,18,175,25,39
2026-05-25,S004,P0068,191,8,183,50,12
2026-05-25,S004,P0069,68,24,44,20,19
2026-05-25,S004,P0070,227,16,211,37,17
2026-05-25,S004,P0071,298,1,297,44,26
2026-05-25,S004,P0072,172,13,159,43,24
2026-05-25,S004,P0073,221,13,208,38,35
2026-05-25,S004,P0074,254,10,244,32,22
2026-05-25,S004,P0075,12,5,7,43,17
2026-05-25,S004,P0076,135,20,115,19,21
2026-05-25,S004,P0077,42,9,33,47,26
2026-05-25,S004,P0078,279,20,259,20,35
2026-05-25,S004,P0079,141,29,112,29,13
2026-05-25,S004,P0080,60,2,58,38,11
2026-05-25,S004,P0081,279,6,273,36,16
2026-05-25,S004,P0082,168,8,160,34,33
2026-05-25,S004,P0083,140,6,134,60,29
2026-05-25,S004,P0084,70,27,43,60,33
2026-05-25,S004,P0085,278,29,249,31,10
2026-05-25,S004,P0086,153,9,144,37,35
2026-05-25,S004,P0087,206,30,176,40,36
2026-05-25,S004,P0088,296,24,272,56,10
2026-05-25,S004,P0089,241,20,221,47,34
2026-05-25,S004,P0090,76,27,49,40,17
2026-05-25,S004,P0091,116,23,93,28,25
2026-05-25,S004,P0092,119,16,103,52,35
2026-05-25,S004,P0093,282,24,258,44,33
2026-05-25,S004,P0094,236,10,226,20,20
2026-05-25,S004,P0095,96,13,83,59,23
2026-05-25,S004,P0096,107,14,93,43,37
2026-05-25,S004,P0097,285,0,285,38,14
2026-05-25,S004,P0098,295,27,268,23,19
2026-05-25,S004,P0099,4,15,-11,57,36
2026-05-25,S004,P0100,181,10,171,29,23
2026-05-25,S005,P0001,217,21,196,40,34
2026-05-25,S005,P0002,275,9,266,35,28
2026-05-25,S005,P0003,11,18,-7,17,39
2026-05-25,S005,P0004,71,4,67,36,28
2026-05-25,S005,P0005,293,27,266,40,22
2026-05-25,S005,P0006,104,30,74,40,12
2026-05-25,S005,P0007,273,12,261,27,25
2026-05-25,S005,P0008,55,10,45,51,40
2026-05-25,S005,P0009,231,20,211,34,12
2026-05-25,S005,P0010,87,3,84,58,27
2026-05-25,S005,P0011,90,1,89,59,29
2026-05-25,S005,P0012,250,0,250,26,16
2026-05-25,S005,P0013,35,29,6,39,19
2026-05-25,S005,P0014,105,7,98,33,31
2026-05-25,S005,P0015,268,2,266,44,11
2026-05-25,S005,P0016,188,16,172,15,15
2026-05-25,S005,P0017,167,27,140,41,22
2026-05-25,S005,P0018,80,3,77,23,27
2026-05-25,S005,P0019,214,15,199,19,22
2026-05-25,S005,P0020,105,4,101,28,19
2026-05-25,S005,P0021,221,26,195,60,31
2026-05-25,S005,P0022,243,5,238,53,28
2026-05-25,S005,P0023,158,18,140,27,26
2026-05-25,S005,P0024,234,8,226,27,10
2026-05-25,S005,P0025,73,14,59,19,36
2026-05-25,S005,P0026,204,19,185,30,26
2026-05-25,S005,P0027,168,29,139,51,38
2026-05-25,S005,P0028,251,14,237,44,28
2026-05-25,S005,P0029,20,23,-3,20,19
2026-05-25,S005,P0030,233,11,222,59,36
2026-05-25,S005,P0031,152,12,140,54,36
2026-05-25,S005,P0032,89,13,76,30,15
2026-05-25,S005,P0033,221,14,207,39,39
2026-05-25,S005,P0034,93,22,71,51,13
2026-05-25,S005,P0035,201,22,179,17,17
2026-05-25,S005,P0036,80,8,72,55,27
2026-05-25,S005,P0037,149,21,128,19,32
2026-05-25,S005,P0038,111,29,82,46,23
2026-05-25,S005,P0039,283,3,280,38,12
2026-05-25,S005,P0040,53,16,37,35,23
2026-05-25,S005,P0041,230,5,225,31,16
2026-05-25,S005,P0042,259,1,258,44,10
2026-05-25,S005,P0043,37,20,17,59,31
2026-05-25,S005,P0044,236,12,224,36,33
2026-05-25,S005,P0045,204,27,177,27,22
2026-05-25,S005,P0046,19,0,19,31,13
2026-05-25,S005,P0047,69,10,59,57,33
2026-05-25,S005,P0048,237,15,222,44,12
2026-05-25,S005,P0049,42,17,25,57,17
2026-05-25,S005,P0050,224,4,220,45,36
2026-05-25,S005,P0051,142,26,116,25,15
2026-05-25,S005,P0052,9,19,-10,21,15
2026-05-25,S005,P0053,150,3,147,49,33
2026-05-25,S005,P0054,200,5,195,19,31
2026-05-25,S005,P0055,5,21,-16,32,14
2026-05-25,S005,P0056,225,11,214,26,16
2026-05-25,S005,P0057,17,28,-11,58,27
2026-05-25,S005,P0058,110,14,96,59,11
2026-05-25,S005,P0059,267,20,247,57,32
2026-05-25,S005,P0060,52,12,40,59,19
2026-05-25,S005,P0061,227,1,226,53,10
2026-05-25,S005,P0062,24,24,0,39,34
2026-05-25,S005,P0063,103,29,74,30,21
2026-05-25,S005,P0064,122,6,116,20,10
2026-05-25,S005,P0065,215,0,215,15,20
2026-05-25,S005,P0066,98,21,77,57,12
2026-05-25,S005,P0067,112,30,82,21,35
2026-05-25,S005,P0068,85,23,62,25,11
2026-05-25,S005,P0069,212,16,196,21,36
2026-05-25,S005,P0070,167,10,157,50,30
2026-05-25,S005,P0071,97,19,78,28,39
2026-05-25,S005,P0072,277,12,265,42,13
2026-05-25,S005,P0073,118,6,112,21,21
2026-05-25,S005,P0074,165,5,160,15,22
2026-05-25,S005,P0075,161,0,161,39,16
2026-05-25,S005,P0076,234,7,227,19,31
2026-05-25,S005,P0077,142,20,122,54,21
2026-05-25,S005,P0078,22,2,20,28,23
2026-05-25,S005,P0079,154,24,130,53,25
2026-05-25,S005,P0080,52,22,30,49,35
2026-05-25,S005,P0081,291,5,286,31,40
2026-05-25,S005,P0082,48,19,29,35,30
2026-05-25,S005,P0083,198,21,177,59,14
2026-05-25,S005,P0084,170,5,165,55,34
2026-05-25,S005,P0085,162,27,135,57,25
2026-05-25,S005,P0086,34,10,24,16,29
2026-05-25,S005,P0087,299,14,285,39,26
2026-05-25,S005,P0088,119,16,103,52,32
2026-05-25,S005,P0089,6,7,-1,16,29
2026-05-25,S005,P0090,63,9,54,30,33
2026-05-25,S005,P0091,219,24,195,30,29
2026-05-25,S005,P0092,40,1,39,23,21
2026-05-25,S005,P0093,255,9,246,27,14
2026-05-25,S005,P0094,192,6,186,56,11
2026-05-25,S005,P0095,121,29,92,53,40
2026-05-25,S005,P0096,227,23,204,36,14
2026-05-25,S005,P0097,142,10,132,56,35
2026-05-25,S005,P0098,20,16,4,41,30
2026-05-25,S005,P0099,147,24,123,16,17
2026-05-25,S005,P0100,169,10,159,30,16
2026-05-25,S006,P0001,276,1,275,57,17
2026-05-25,S006,P0002,113,19,94,39,26
2026-05-25,S006,P0003,164,5,159,43,30
2026-05-25,S006,P0004,3,2,1,46,12
2026-05-25,S006,P0005,98,1,97,55,14
2026-05-25,S006,P0006,104,4,100,20,15
2026-05-25,S006,P0007,281,26,255,28,17
2026-05-25,S006,P0008,259,2,257,42,33
2026-05-25,S006,P0009,239,9,230,25,33
2026-05-25,S006,P0010,101,7,94,42,15
2026-05-25,S006,P0011,127,9,118,33,28
2026-05-25,S006,P0012,229,30,199,55,16
2026-05-25,S006,P0013,139,27,112,45,12
2026-05-25,S006,P0014,184,12,172,39,15
2026-05-25,S006,P0015,241,14,227,42,26
2026-05-25,S006,P0016,221,24,197,24,36
2026-05-25,S006,P0017,246,0,246,39,23
2026-05-25,S006,P0018,42,24,18,34,29
2026-05-25,S006,P0019,275,4,271,50,33
2026-05-25,S006,P0020,89,8,81,39,24
2026-05-25,S006,P0021,156,14,142,33,22
2026-05-25,S006,P0022,287,19,268,45,12
2026-05-25,S006,P0023,170,4,166,60,25
2026-05-25,S006,P0024,100,4,96,27,10
2026-05-25,S006,P0025,6,27,-21,47,33
2026-05-25,S006,P0026,191,15,176,40,39
2026-05-25,S006,P0027,212,30,182,40,33
2026-05-25,S006,P0028,191,12,179,46,19
2026-05-25,S006,P0029,36,13,23,17,39
2026-05-25,S006,P0030,63,12,51,51,15
2026-05-25,S006,P0031,99,24,75,42,40
2026-05-25,S006,P0032,130,24,106,37,26
2026-05-25,S006,P0033,250,20,230,59,21
2026-05-25,S006,P0034,29,20,9,39,39
2026-05-25,S006,P0035,217,23,194,30,17
2026-05-25,S006,P0036,244,1,243,38,30
2026-05-25,S006,P0037,14,22,-8,57,30
2026-05-25,S006,P0038,75,8,67,53,24
2026-05-25,S006,P0039,75,8,67,30,29
2026-05-25,S006,P0040,296,30,266,57,36
2026-05-25,S006,P0041,82,0,82,22,34
2026-05-25,S006,P0042,47,20,27,60,39
2026-05-25,S006,P0043,196,12,184,60,28
2026-05-25,S006,P0044,41,16,25,27,38
2026-05-25,S006,P0045,216,5,211,42,18
2026-05-25,S006,P0046,154,16,138,49,31
2026-05-25,S006,P0047,195,18,177,34,33
2026-05-25,S006,P0048,210,24,186,20,13
2026-05-25,S006,P0049,293,24,269,37,36
2026-05-25,S006,P0050,73,8,65,28,39
2026-05-25,S006,P0051,203,22,181,34,10
2026-05-25,S006,P0052,86,26,60,46,10
2026-05-25,S006,P0053,49,2,47,59,23
2026-05-25,S006,P0054,268,13,255,56,19
2026-05-25,S006,P0055,220,5,215,26,21
2026-05-25,S006,P0056,95,22,73,23,16
2026-05-25,S006,P0057,249,5,244,47,40
2026-05-25,S006,P0058,56,14,42,51,36
2026-05-25,S006,P0059,108,5,103,27,11
2026-05-25,S006,P0060,93,25,68,27,18
2026-05-25,S006,P0061,209,14,195,55,39
2026-05-25,S006,P0062,55,27,28,55,15
2026-05-25,S006,P0063,40,9,31,20,22
2026-05-25,S006,P0064,63,8,55,19,20
2026-05-25,S006,P0065,15,18,-3,30,25
2026-05-25,S006,P0066,248,21,227,21,10
2026-05-25,S006,P0067,31,8,23,15,31
2026-05-25,S006,P0068,298,25,273,17,13
2026-05-25,S006,P0069,108,16,92,15,22
2026-05-25,S006,P0070,266,30,236,32,39
2026-05-25,S006,P0071,248,15,233,36,29
2026-05-25,S006,P0072,219,10,209,38,31
2026-05-25,S006,P0073,175,10,165,30,40
2026-05-25,S006,P0074,184,21,163,40,22
2026-05-25,S006,P0075,29,11,18,36,35
2026-05-25,S006,P0076,51,0,51,44,37
2026-05-25,S006,P0077,205,23,182,23,10
2026-05-25,S006,P0078,62,27,35,48,18
2026-05-25,S006,P0079,127,11,116,43,29
2026-05-25,S006,P0080,243,16,227,41,31
2026-05-25,S006,P0081,96,0,96,55,40
2026-05-25,S006,P0082,164,0,164,55,21
2026-05-25,S006,P0083,23,25,-2,35,31
2026-05-25,S006,P0084,227,7,220,53,25
2026-05-25,S006,P0085,204,23,181,54,35
2026-05-25,S006,P0086,41,11,30,42,40
2026-05-25,S006,P0087,243,21,222,59,38
2026-05-25,S006,P0088,51,23,28,39,19
2026-05-25,S006,P0089,99,22,77,24,37
2026-05-25,S006,P0090,266,28,238,51,35
2026-05-25,S006,P0091,258,1,257,23,25
2026-05-25,S006,P0092,44,9,35,58,27
2026-05-25,S006,P0093,239,5,234,43,40
2026-05-25,S006,P0094,59,15,44,57,27
2026-05-25,S006,P0095,123,7,116,28,15
2026-05-25,S006,P0096,45,3,42,42,32
2026-05-25,S006,P0097,14,5,9,35,38
2026-05-25,S006,P0098,196,24,172,32,17
2026-05-25,S006,P0099,131,21,110,45,40
2026-05-25,S006,P0100,63,21,42,23,39
2026-05-25,S007,P0001,273,20,253,46,12
2026-05-25,S007,P0002,170,27,143,29,39
2026-05-25,S007,P0003,294,24,270,53,12
2026-05-25,S007,P0004,175,12,163,60,33
2026-05-25,S007,P0005,195,20,175,56,35
2026-05-25,S007,P0006,287,30,257,42,35
2026-05-25,S007,P0007,119,7,112,31,13
2026-05-25,S007,P0008,148,2,146,22,12
2026-05-25,S007,P0009,174,23,151,52,39
2026-05-25,S007,P0010,96,23,73,22,28
2026-05-25,S007,P0011,188,4,184,35,40
2026-05-25,S007,P0012,194,18,176,15,19
2026-05-25,S007,P0013,31,18,13,49,16
2026-05-25,S007,P0014,198,13,185,35,34
2026-05-25,S007,P0015,186,25,161,58,39
2026-05-25,S007,P0016,64,16,48,57,29
2026-05-25,S007,P0017,113,3,110,40,10
2026-05-25,S007,P0018,275,27,248,44,20
2026-05-25,S007,P0019,74,26,48,33,36
2026-05-25,S007,P0020,112,15,97,58,24
2026-05-25,S007,P0021,75,19,56,33,14
2026-05-25,S007,P0022,17,19,-2,35,19
2026-05-25,S007,P0023,257,22,235,22,18
2026-05-25,S007,P0024,293,15,278,55,36
2026-05-25,S007,P0025,110,15,95,33,32
2026-05-25,S007,P0026,192,1,191,36,14
2026-05-25,S007,P0027,107,27,80,29,32
2026-05-25,S007,P0028,26,29,-3,26,37
2026-05-25,S007,P0029,249,23,226,40,19
2026-05-25,S007,P0030,81,0,81,50,22
2026-05-25,S007,P0031,172,13,159,58,25
2026-05-25,S007,P0032,178,24,154,40,22
2026-05-25,S007,P0033,36,16,20,33,19
2026-05-25,S007,P0034,99,22,77,50,22
2026-05-25,S007,P0035,49,4,45,35,34
2026-05-25,S007,P0036,297,27,270,18,37
2026-05-25,S007,P0037,155,14,141,56,15
2026-05-25,S007,P0038,295,4,291,43,32
2026-05-25,S007,P0039,247,9,238,24,16
2026-05-25,S007,P0040,111,25,86,27,33
2026-05-25,S007,P0041,4,11,-7,51,13
2026-05-25,S007,P0042,75,12,63,42,31
2026-05-25,S007,P0043,86,29,57,18,13
2026-05-25,S007,P0044,182,15,167,26,40
2026-05-25,S007,P0045,26,3,23,47,30
2026-05-25,S007,P0046,173,18,155,42,14
2026-05-25,S007,P0047,206,7,199,17,13
2026-05-25,S007,P0048,123,12,111,46,19
2026-05-25,S007,P0049,88,20,68,39,34
2026-05-25,S007,P0050,45,24,21,44,37
2026-05-25,S007,P0051,195,8,187,55,30
2026-05-25,S007,P0052,227,11,216,15,13
2026-05-25,S007,P0053,59,2,57,22,25
2026-05-25,S007,P0054,260,7,253,16,28
2026-05-25,S007,P0055,293,18,275,45,18
2026-05-25,S007,P0056,48,25,23,52,15
2026-05-25,S007,P0057,196,15,181,56,32
2026-05-25,S007,P0058,222,9,213,51,14
2026-05-25,S007,P0059,50,10,40,19,32
2026-05-25,S007,P0060,275,5,270,40,36
2026-05-25,S007,P0061,10,12,-2,50,36
2026-05-25,S007,P0062,274,25,249,48,25
2026-05-25,S007,P0063,32,16,16,52,27
2026-05-25,S007,P0064,63,24,39,28,40
2026-05-25,S007,P0065,60,5,55,53,32
2026-05-25,S007,P0066,92,0,92,50,24
2026-05-25,S007,P0067,160,3,157,17,14
2026-05-25,S007,P0068,294,6,288,56,15
2026-05-25,S007,P0069,44,17,27,31,37
2026-05-25,S007,P0070,17,2,15,22,26
2026-05-25,S007,P0071,152,11,141,49,15
2026-05-25,S007,P0072,216,30,186,57,10
2026-05-25,S007,P0073,127,9,118,17,40
2026-05-25,S007,P0074,265,28,237,33,31
2026-05-25,S007,P0075,273,14,259,23,28
2026-05-25,S007,P0076,251,22,229,35,26
2026-05-25,S007,P0077,180,19,161,49,26
2026-05-25,S007,P0078,107,22,85,21,31
2026-05-25,S007,P0079,22,7,15,17,16
2026-05-25,S007,P0080,72,9,63,28,40
2026-05-25,S007,P0081,68,19,49,50,16
2026-05-25,S007,P0082,183,8,175,23,33
2026-05-25,S007,P0083,216,2,214,50,18
2026-05-25,S007,P0084,133,12,121,56,38
2026-05-25,S007,P0085,83,12,71,44,12
2026-05-25,S007,P0086,130,21,109,42,40
2026-05-25,S007,P0087,73,17,56,28,12
2026-05-25,S007,P0088,137,20,117,59,30
2026-05-25,S007,P0089,98,22,76,38,28
2026-05-25,S007,P0090,261,19,242,25,23
2026-05-25,S007,P0091,78,10,68,42,22
2026-05-25,S007,P0092,13,30,-17,53,17
2026-05-25,S007,P0093,39,8,31,22,27
2026-05-25,S007,P0094,56,21,35,50,23
2026-05-25,S007,P0095,33,10,23,55,12
2026-05-25,S007,P0096,185,29,156,36,34
2026-05-25,S007,P0097,139,4,135,29,18
2026-05-25,S007,P0098,5,3,2,39,17
2026-05-25,S007,P0099,193,30,163,21,35
2026-05-25,S007,P0100,63,5,58,48,33
2026-05-25,S008,P0001,156,18,138,46,13
2026-05-25,S008,P0002,270,11,259,59,28
2026-05-25,S008,P0003,144,17,127,32,29
2026-05-25,S008,P0004,50,28,22,18,15
2026-05-25,S008,P0005,162,30,132,39,15
2026-05-25,S008,P0006,176,25,151,58,40
2026-05-25,S008,P0007,272,17,255,53,38
2026-05-25,S008,P0008,206,15,191,52,14
2026-05-25,S008,P0009,132,0,132,58,26
2026-05-25,S008,P0010,79,21,58,23,14
2026-05-25,S008,P0011,193,18,175,32,11
2026-05-25,S008,P0012,189,22,167,30,31
2026-05-25,S008,P0013,214,22,192,44,15
2026-05-25,S008,P0014,224,11,213,44,26
2026-05-25,S008,P0015,146,8,138,42,26
2026-05-25,S008,P0016,117,9,108,55,37
2026-05-25,S008,P0017,44,30,14,34,23
2026-05-25,S008,P0018,160,27,133,20,30
2026-05-25,S008,P0019,40,2,38,30,40
2026-05-25,S008,P0020,47,5,42,51,11
2026-05-25,S008,P0021,43,23,20,33,27
2026-05-25,S008,P0022,252,25,227,15,40
2026-05-25,S008,P0023,217,21,196,47,39
2026-05-25,S008,P0024,69,15,54,46,26
2026-05-25,S008,P0025,272,22,250,22,22
2026-05-25,S008,P0026,7,19,-12,27,39
2026-05-25,S008,P0027,3,22,-19,42,32
2026-05-25,S008,P0028,273,23,250,37,17
2026-05-25,S008,P0029,270,21,249,53,11
2026-05-25,S008,P0030,229,30,199,25,31
2026-05-25,S008,P0031,268,28,240,29,15
2026-05-25,S008,P0032,38,11,27,23,26
2026-05-25,S008,P0033,180,30,150,18,23
2026-05-25,S008,P0034,253,12,241,25,21
2026-05-25,S008,P0035,57,10,47,58,17
2026-05-25,S008,P0036,276,27,249,22,19
2026-05-25,S008,P0037,153,15,138,33,18
2026-05-25,S008,P0038,109,0,109,55,28
2026-05-25,S008,P0039,201,6,195,34,39
2026-05-25,S008,P0040,263,26,237,17,39
2026-05-25,S008,P0041,237,28,209,54,37
2026-05-25,S008,P0042,249,1,248,37,10
2026-05-25,S008,P0043,235,10,225,34,21
2026-05-25,S008,P0044,54,0,54,37,38
2026-05-25,S008,P0045,95,12,83,37,10
2026-05-25,S008,P0046,51,13,38,46,16
2026-05-25,S008,P0047,43,16,27,47,38
2026-05-25,S008,P0048,78,13,65,22,39
2026-05-25,S008,P0049,249,0,249,24,34
2026-05-25,S008,P0050,128,7,121,45,22
2026-05-25,S008,P0051,191,9,182,38,23
2026-05-25,S008,P0052,93,17,76,32,13
2026-05-25,S008,P0053,224,21,203,43,15
2026-05-25,S008,P0054,71,11,60,42,10
2026-05-25,S008,P0055,183,28,155,60,16
2026-05-25,S008,P0056,56,6,50,33,11
2026-05-25,S008,P0057,68,12,56,41,33
2026-05-25,S008,P0058,169,28,141,17,15
2026-05-25,S008,P0059,101,30,71,45,40
2026-05-25,S008,P0060,136,3,133,41,25
2026-05-25,S008,P0061,281,15,266,58,32
2026-05-25,S008,P0062,65,10,55,40,26
2026-05-25,S008,P0063,199,4,195,22,40
2026-05-25,S008,P0064,55,25,30,16,14
2026-05-25,S008,P0065,79,11,68,47,10
2026-05-25,S008,P0066,121,1,120,58,36
2026-05-25,S008,P0067,175,13,162,53,33
2026-05-25,S008,P0068,4,13,-9,45,19
2026-05-25,S008,P0069,144,15,129,20,34
2026-05-25,S008,P0070,219,7,212,54,14
2026-05-25,S008,P0071,261,5,256,30,18
2026-05-25,S008,P0072,58,27,31,31,32
2026-05-25,S008,P0073,126,21,105,42,16
2026-05-25,S008,P0074,242,22,220,21,32
2026-05-25,S008,P0075,257,19,238,26,16
2026-05-25,S008,P0076,76,7,69,22,14
2026-05-25,S008,P0077,205,1,204,32,16
2026-05-25,S008,P0078,74,13,61,16,29
2026-05-25,S008,P0079,102,2,100,18,22
2026-05-25,S008,P0080,208,16,192,34,32
2026-05-25,S008,P0081,118,7,111,36,23
2026-05-25,S008,P0082,245,1,244,47,23
2026-05-25,S008,P0083,26,9,17,22,18
2026-05-25,S008,P0084,186,8,178,37,32
2026-05-25,S008,P0085,214,7,207,35,38
2026-05-25,S008,P0086,24,5,19,17,10
2026-05-25,S008,P0087,26,21,5,35,16
2026-05-25,S008,P0088,146,15,131,32,39
2026-05-25,S008,P0089,51,13,38,26,18
2026-05-25,S008,P0090,251,11,240,36,19
2026-05-25,S008,P0091,57,3,54,57,10
2026-05-25,S008,P0092,282,24,258,23,20
2026-05-25,S008,P0093,184,23,161,38,33
2026-05-25,S008,P0094,270,19,251,38,17
2026-05-25,S008,P0095,141,6,135,52,22
2026-05-25,S008,P0096,44,28,16,21,14
2026-05-25,S008,P0097,61,1,60,52,40
2026-05-25,S008,P0098,97,6,91,60,24
2026-05-25,S008,P0099,50,2,48,49,29
2026-05-25,S008,P0100,175,9,166,45,34
2026-05-25,S009,P0001,103,17,86,24,11
2026-05-25,S009,P0002,65,6,59,41,27
2026-05-25,S009,P0003,129,28,101,50,21
2026-05-25,S009,P0004,187,14,173,55,32
2026-05-25,S009,P0005,60,29,31,42,12
2026-05-25,S009,P0006,247,13,234,48,39
2026-05-25,S009,P0007,257,25,232,16,15
2026-05-25,S009,P0008,140,22,118,23,19
2026-05-25,S009,P0009,23,30,-7,51,11
2026-05-25,S009,P0010,97,23,74,40,25
2026-05-25,S009,P0011,272,27,245,47,12
2026-05-25,S009,P0012,84,14,70,47,22
2026-05-25,S009,P0013,287,24,263,39,22
2026-05-25,S009,P0014,139,6,133,26,10
2026-05-25,S009,P0015,81,18,63,28,28
2026-05-25,S009,P0016,4,28,-24,47,24
2026-05-25,S009,P0017,257,22,235,48,18
2026-05-25,S009,P0018,155,27,128,29,19
2026-05-25,S009,P0019,137,17,120,22,15
2026-05-25,S009,P0020,114,1,113,49,17
2026-05-25,S009,P0021,149,1,148,55,14
2026-05-25,S009,P0022,142,29,113,23,18
2026-05-25,S009,P0023,26,20,6,30,36
2026-05-25,S009,P0024,107,17,90,22,10
2026-05-25,S009,P0025,177,20,157,53,21
2026-05-25,S009,P0026,166,2,164,60,38
2026-05-25,S009,P0027,281,8,273,23,23
2026-05-25,S009,P0028,150,10,140,18,30
2026-05-25,S009,P0029,5,26,-21,37,17
2026-05-25,S009,P0030,143,5,138,31,10
2026-05-25,S009,P0031,275,21,254,52,13
2026-05-25,S009,P0032,195,30,165,56,18
2026-05-25,S009,P0033,282,6,276,43,17
2026-05-25,S009,P0034,166,8,158,28,28
2026-05-25,S009,P0035,202,4,198,43,17
2026-05-25,S009,P0036,222,11,211,24,38
2026-05-25,S009,P0037,245,2,243,46,15
2026-05-25,S009,P0038,235,5,230,26,16
2026-05-25,S009,P0039,291,15,276,26,30
2026-05-25,S009,P0040,144,0,144,34,15
2026-05-25,S009,P0041,90,26,64,40,31
2026-05-25,S009,P0042,96,2,94,24,12
2026-05-25,S009,P0043,218,7,211,44,39
2026-05-25,S009,P0044,206,3,203,48,14
2026-05-25,S009,P0045,6,19,-13,21,22
2026-05-25,S009,P0046,196,0,196,22,36
2026-05-25,S009,P0047,6,24,-18,56,39
2026-05-25,S009,P0048,22,4,18,30,34
2026-05-25,S009,P0049,42,8,34,24,40
2026-05-25,S009,P0050,6,25,-19,15,40
2026-05-25,S009,P0051,54,17,37,36,37
2026-05-25,S009,P0052,43,6,37,23,25
2026-05-25,S009,P0053,288,28,260,43,36
2026-05-25,S009,P0054,83,9,74,36,25
2026-05-25,S009,P0055,79,7,72,18,27
2026-05-25,S009,P0056,136,20,116,49,13
2026-05-25,S009,P0057,10,26,-16,17,13
2026-05-25,S009,P0058,278,9,269,21,26
2026-05-25,S009,P0059,212,4,208,15,39
2026-05-25,S009,P0060,114,0,114,29,23
2026-05-25,S009,P0061,197,4,193,37,30
2026-05-25,S009,P0062,146,7,139,58,22
2026-05-25,S009,P0063,57,15,42,25,13
2026-05-25,S009,P0064,114,3,111,33,21
2026-05-25,S009,P0065,39,19,20,36,13
2026-05-25,S009,P0066,184,29,155,20,38
2026-05-25,S009,P0067,22,19,3,24,15
2026-05-25,S009,P0068,219,16,203,36,29
2026-05-25,S009,P0069,92,21,71,42,14
2026-05-25,S009,P0070,154,19,135,33,21
2026-05-25,S009,P0071,53,8,45,46,31
2026-05-25,S009,P0072,188,29,159,31,35
2026-05-25,S009,P0073,39,25,14,15,37
2026-05-25,S009,P0074,76,24,52,56,14
2026-05-25,S009,P0075,163,4,159,39,24
2026-05-25,S009,P0076,244,26,218,19,13
2026-05-25,S009,P0077,295,13,282,32,14
2026-05-25,S009,P0078,46,10,36,23,15
2026-05-25,S009,P0079,197,11,186,35,25
2026-05-25,S009,P0080,217,15,202,59,23
2026-05-25,S009,P0081,170,4,166,56,39
2026-05-25,S009,P0082,125,12,113,41,27
2026-05-25,S009,P0083,254,17,237,49,25
2026-05-25,S009,P0084,272,17,255,29,22
2026-05-25,S009,P0085,42,18,24,60,23
2026-05-25,S009,P0086,269,18,251,59,35
2026-05-25,S009,P0087,112,22,90,20,17
2026-05-25,S009,P0088,185,0,185,28,37
2026-05-25,S009,P0089,8,11,-3,50,25
2026-05-25,S009,P0090,68,29,39,22,11
2026-05-25,S009,P0091,178,11,167,23,19
2026-05-25,S009,P0092,235,4,231,50,39
2026-05-25,S009,P0093,215,7,208,28,36
2026-05-25,S009,P0094,114,1,113,23,13
2026-05-25,S009,P0095,73,12,61,16,32
2026-05-25,S009,P0096,217,11,206,18,32
2026-05-25,S009,P0097,54,21,33,52,12
2026-05-25,S009,P0098,244,26,218,53,37
2026-05-25,S009,P0099,80,0,80,24,21
2026-05-25,S009,P0100,72,2,70,30,12
2026-05-25,S010,P0001,6,18,-12,41,14
2026-05-25,S010,P0002,93,15,78,23,33
2026-05-25,S010,P0003,270,22,248,34,25
2026-05-25,S010,P0004,210,23,187,36,24
2026-05-25,S010,P0005,6,9,-3,22,14
2026-05-25,S010,P0006,30,28,2,56,11
2026-05-25,S010,P0007,88,16,72,25,10
2026-05-25,S010,P0008,202,26,176,42,31
2026-05-25,S010,P0009,232,17,215,60,36
2026-05-25,S010,P0010,132,29,103,51,26
2026-05-25,S010,P0011,156,22,134,29,23
2026-05-25,S010,P0012,80,8,72,20,26
2026-05-25,S010,P0013,193,30,163,23,33
2026-05-25,S010,P0014,108,12,96,54,11
2026-05-25,S010,P0015,112,12,100,26,36
2026-05-25,S010,P0016,286,19,267,19,36
2026-05-25,S010,P0017,239,15,224,35,30
2026-05-25,S010,P0018,207,26,181,39,15
2026-05-25,S010,P0019,27,25,2,38,30
2026-05-25,S010,P0020,217,6,211,32,13
2026-05-25,S010,P0021,53,2,51,38,29
2026-05-25,S010,P0022,171,0,171,30,19
2026-05-25,S010,P0023,83,17,66,21,12
2026-05-25,S010,P0024,108,19,89,15,34
2026-05-25,S010,P0025,158,6,152,50,16
2026-05-25,S010,P0026,16,7,9,32,12
2026-05-25,S010,P0027,291,18,273,17,28
2026-05-25,S010,P0028,247,1,246,18,20
2026-05-25,S010,P0029,47,30,17,34,10
2026-05-25,S010,P0030,182,24,158,33,40
2026-05-25,S010,P0031,203,16,187,27,20
2026-05-25,S010,P0032,200,23,177,37,14
2026-05-25,S010,P0033,49,10,39,41,38
2026-05-25,S010,P0034,257,3,254,47,35
2026-05-25,S010,P0035,76,0,76,52,35
2026-05-25,S010,P0036,195,15,180,52,37
2026-05-25,S010,P0037,19,9,10,25,14
2026-05-25,S010,P0038,237,2,235,55,12
2026-05-25,S010,P0039,118,28,90,28,35
2026-05-25,S010,P0040,72,24,48,60,15
2026-05-25,S010,P0041,256,16,240,53,30
2026-05-25,S010,P0042,267,29,238,36,24
2026-05-25,S010,P0043,67,10,57,33,21
2026-05-25,S010,P0044,220,1,219,60,34
2026-05-25,S010,P0045,198,7,191,28,29
2026-05-25,S010,P0046,38,30,8,24,28
2026-05-25,S010,P0047,254,3,251,15,14
2026-05-25,S010,P0048,158,17,141,20,25
2026-05-25,S010,P0049,48,14,34,35,15
2026-05-25,S010,P0050,151,5,146,19,18
2026-05-25,S010,P0051,295,11,284,37,12
2026-05-25,S010,P0052,36,5,31,60,34
2026-05-25,S010,P0053,235,8,227,45,18
2026-05-25,S010,P0054,226,20,206,23,40
2026-05-25,S010,P0055,63,18,45,46,11
2026-05-25,S010,P0056,186,27,159,33,22
2026-05-25,S010,P0057,209,27,182,54,39
2026-05-25,S010,P0058,66,14,52,38,26
2026-05-25,S010,P0059,160,11,149,20,31
2026-05-25,S010,P0060,211,16,195,43,18
2026-05-25,S010,P0061,21,19,2,56,11
2026-05-25,S010,P0062,125,22,103,50,10
2026-05-25,S010,P0063,79,27,52,21,19
2026-05-25,S010,P0064,192,5,187,51,22
2026-05-25,S010,P0065,37,7,30,39,37
2026-05-25,S010,P0066,236,21,215,20,21
2026-05-25,S010,P0067,238,14,224,56,27
2026-05-25,S010,P0068,238,3,235,20,15
2026-05-25,S010,P0069,55,29,26,40,34
2026-05-25,S010,P0070,221,6,215,40,20
2026-05-25,S010,P0071,33,10,23,36,29
2026-05-25,S010,P0072,248,6,242,59,33
2026-05-25,S010,P0073,243,3,240,32,24
2026-05-25,S010,P0074,19,17,2,24,40
2026-05-25,S010,P0075,240,4,236,55,16
2026-05-25,S010,P0076,163,18,145,17,29
2026-05-25,S010,P0077,194,1,193,38,35
2026-05-25,S010,P0078,220,15,205,28,11
2026-05-25,S010,P0079,108,27,81,16,40
2026-05-25,S010,P0080,216,8,208,31,30
2026-05-25,S010,P0081,90,2,88,24,12
2026-05-25,S010,P0082,140,12,128,20,19
2026-05-25,S010,P0083,231,27,204,41,26
2026-05-25,S010,P0084,109,21,88,31,15
2026-05-25,S010,P0085,27,2,25,42,20
2026-05-25,S010,P0086,152,5,147,27,21
2026-05-25,S010,P0087,214,15,199,45,27
2026-05-25,S010,P0088,82,30,52,59,23
2026-05-25,S010,P0089,181,29,152,59,28
2026-05-25,S010,P0090,199,26,173,15,27
2026-05-25,S010,P0091,101,2,99,57,28
2026-05-25,S010,P0092,74,10,64,57,36
2026-05-25,S010,P0093,162,0,162,24,38
2026-05-25,S010,P0094,234,29,205,24,25
2026-05-25,S010,P0095,162,3,159,58,23
2026-05-25,S010,P0096,134,16,118,15,24
2026-05-25,S010,P0097,64,20,44,43,30
2026-05-25,S010,P0098,296,3,293,17,16
2026-05-25,S010,P0099,96,13,83,59,27
2026-05-25,S010,P0100,85,19,66,39,16
2026-05-25,S011,P0001,178,6,172,27,31
2026-05-25,S011,P0002,295,30,265,15,21
2026-05-25,S011,P0003,186,0,186,34,38
2026-05-25,S011,P0004,157,16,141,22,32
2026-05-25,S011,P0005,255,20,235,44,23
2026-05-25,S011,P0006,210,11,199,37,36
2026-05-25,S011,P0007,277,13,264,48,34
2026-05-25,S011,P0008,171,3,168,26,24
2026-05-25,S011,P0009,219,11,208,26,27
2026-05-25,S011,P0010,83,17,66,42,22
2026-05-25,S011,P0011,145,27,118,57,32
2026-05-25,S011,P0012,223,20,203,33,32
2026-05-25,S011,P0013,50,2,48,21,12
2026-05-25,S011,P0014,8,19,-11,41,13
2026-05-25,S011,P0015,254,23,231,54,39
2026-05-25,S011,P0016,278,3,275,55,24
2026-05-25,S011,P0017,257,18,239,17,31
2026-05-25,S011,P0018,148,27,121,41,16
2026-05-25,S011,P0019,114,24,90,44,27
2026-05-25,S011,P0020,195,3,192,27,37
2026-05-25,S011,P0021,240,30,210,22,21
2026-05-25,S011,P0022,237,13,224,56,32
2026-05-25,S011,P0023,202,0,202,38,35
2026-05-25,S011,P0024,114,16,98,33,18
2026-05-25,S011,P0025,135,9,126,41,31
2026-05-25,S011,P0026,123,0,123,41,11
2026-05-25,S011,P0027,7,0,7,24,35
2026-05-25,S011,P0028,191,26,165,48,36
2026-05-25,S011,P0029,162,10,152,25,40
2026-05-25,S011,P0030,292,13,279,30,27
2026-05-25,S011,P0031,200,6,194,54,30
2026-05-25,S011,P0032,201,26,175,18,35
2026-05-25,S011,P0033,295,13,282,23,40
2026-05-25,S011,P0034,199,23,176,26,22
2026-05-25,S011,P0035,162,16,146,25,23
2026-05-25,S011,P0036,118,3,115,60,35
2026-05-25,S011,P0037,64,16,48,22,30
2026-05-25,S011,P0038,295,25,270,40,36
2026-05-25,S011,P0039,133,26,107,50,15
2026-05-25,S011,P0040,165,6,159,20,12
2026-05-25,S011,P0041,13,13,0,15,30
2026-05-25,S011,P0042,78,0,78,54,32
2026-05-25,S011,P0043,278,29,249,20,28
2026-05-25,S011,P0044,195,0,195,23,24
2026-05-25,S011,P0045,183,5,178,30,30
2026-05-25,S011,P0046,113,9,104,27,27
2026-05-25,S011,P0047,125,23,102,39,34
2026-05-25,S011,P0048,133,21,112,18,18
2026-05-25,S011,P0049,42,29,13,24,30
2026-05-25,S011,P0050,11,20,-9,52,37
2026-05-25,S011,P0051,52,3,49,44,39
2026-05-25,S011,P0052,62,3,59,24,19
2026-05-25,S011,P0053,134,28,106,26,12
2026-05-25,S011,P0054,39,15,24,38,39
2026-05-25,S011,P0055,106,12,94,21,25
2026-05-25,S011,P0056,11,13,-2,19,25
2026-05-25,S011,P0057,39,6,33,58,23
2026-05-25,S011,P0058,192,28,164,35,30
2026-05-25,S011,P0059,230,25,205,25,15
2026-05-25,S011,P0060,152,0,152,26,31
2026-05-25,S011,P0061,290,20,270,53,37
2026-05-25,S011,P0062,16,3,13,36,21
2026-05-25,S011,P0063,247,19,228,53,27
2026-05-25,S011,P0064,2,5,-3,48,33
2026-05-25,S011,P0065,130,29,101,22,16
2026-05-25,S011,P0066,15,17,-2,16,26
2026-05-25,S011,P0067,262,24,238,24,16
2026-05-25,S011,P0068,186,3,183,28,10
2026-05-25,S011,P0069,167,4,163,29,12
2026-05-25,S011,P0070,64,8,56,32,25
2026-05-25,S011,P0071,102,30,72,20,21
2026-05-25,S011,P0072,282,20,262,33,24
2026-05-25,S011,P0073,253,13,240,47,40
2026-05-25,S011,P0074,204,29,175,27,18
2026-05-25,S011,P0075,88,6,82,58,37
2026-05-25,S011,P0076,143,30,113,40,13
2026-05-25,S011,P0077,298,25,273,52,19
2026-05-25,S011,P0078,84,25,59,28,40
2026-05-25,S011,P0079,249,13,236,43,23
2026-05-25,S011,P0080,139,26,113,35,29
2026-05-25,S011,P0081,55,19,36,39,23
2026-05-25,S011,P0082,102,18,84,37,21
2026-05-25,S011,P0083,32,14,18,25,38
2026-05-25,S011,P0084,17,30,-13,47,18
2026-05-25,S011,P0085,300,13,287,33,29
2026-05-25,S011,P0086,271,11,260,40,10
2026-05-25,S011,P0087,58,5,53,35,23
2026-05-25,S011,P0088,95,11,84,30,12
2026-05-25,S011,P0089,110,21,89,38,21
2026-05-25,S011,P0090,74,24,50,35,13
2026-05-25,S011,P0091,4,10,-6,59,10
2026-05-25,S011,P0092,168,6,162,44,28
2026-05-25,S011,P0093,164,28,136,29,27
2026-05-25,S011,P0094,33,12,21,33,29
2026-05-25,S011,P0095,108,16,92,28,13
2026-05-25,S011,P0096,287,8,279,60,29
2026-05-25,S011,P0097,38,18,20,56,23
2026-05-25,S011,P0098,222,10,212,35,16
2026-05-25,S011,P0099,100,1,99,46,25
2026-05-25,S011,P0100,23,8,15,41,13
2026-05-25,W001,P0001,63,14,49,25,29
2026-05-25,W001,P0002,167,18,149,39,17
2026-05-25,W001,P0003,295,0,295,33,10
2026-05-25,W001,P0004,294,0,294,44,19
2026-05-25,W001,P0005,67,26,41,40,11
2026-05-25,W001,P0006,273,29,244,48,11
2026-05-25,W001,P0007,172,20,152,16,12
2026-05-25,W001,P0008,240,3,237,41,33
2026-05-25,W001,P0009,154,8,146,35,34
2026-05-25,W001,P0010,177,12,165,20,27
2026-05-25,W001,P0011,160,15,145,54,11
2026-05-25,W001,P0012,201,9,192,59,24
2026-05-25,W001,P0013,252,27,225,56,40
2026-05-25,W001,P0014,62,26,36,38,40
2026-05-25,W001,P0015,52,0,52,29,11
2026-05-25,W001,P0016,5,4,1,21,20
2026-05-25,W001,P0017,223,7,216,25,12
2026-05-25,W001,P0018,97,23,74,38,36
2026-05-25,W001,P0019,275,0,275,59,37
2026-05-25,W001,P0020,26,8,18,17,13
2026-05-25,W001,P0021,24,30,-6,34,12
2026-05-25,W001,P0022,135,10,125,59,29
2026-05-25,W001,P0023,194,8,186,59,15
2026-05-25,W001,P0024,70,18,52,44,13
2026-05-25,W001,P0025,64,10,54,24,34
2026-05-25,W001,P0026,299,28,271,41,30
2026-05-25,W001,P0027,228,21,207,22,26
2026-05-25,W001,P0028,270,7,263,51,25
2026-05-25,W001,P0029,250,8,242,35,34
2026-05-25,W001,P0030,247,7,240,20,18
2026-05-25,W001,P0031,151,22,129,20,21
2026-05-25,W001,P0032,285,26,259,30,31
2026-05-25,W001,P0033,105,22,83,19,12
2026-05-25,W001,P0034,253,1,252,28,10
2026-05-25,W001,P0035,110,14,96,39,16
2026-05-25,W001,P0036,249,3,246,36,16
2026-05-25,W001,P0037,270,16,254,35,34
2026-05-25,W001,P0038,159,22,137,44,30
2026-05-25,W001,P0039,78,27,51,47,13
2026-05-25,W001,P0040,66,7,59,38,22
2026-05-25,W001,P0041,231,27,204,54,26
2026-05-25,W001,P0042,103,24,79,40,16
2026-05-25,W001,P0043,35,8,27,42,15
2026-05-25,W001,P0044,157,30,127,51,30
2026-05-25,W001,P0045,52,4,48,44,38
2026-05-25,W001,P0046,54,23,31,22,17
2026-05-25,W001,P0047,8,28,-20,44,15
2026-05-25,W001,P0048,136,0,136,45,31
2026-05-25,W001,P0049,271,14,257,37,18
2026-05-25,W001,P0050,60,29,31,50,12
2026-05-25,W001,P0051,181,13,168,28,14
2026-05-25,W001,P0052,203,16,187,42,26
2026-05-25,W001,P0053,170,1,169,43,18
2026-05-25,W001,P0054,189,3,186,18,30
2026-05-25,W001,P0055,195,23,172,42,16
2026-05-25,W001,P0056,150,6,144,40,15
2026-05-25,W001,P0057,141,16,125,53,25
2026-05-25,W001,P0058,265,13,252,21,31
2026-05-25,W001,P0059,25,20,5,30,40
2026-05-25,W001,P0060,56,7,49,22,11
2026-05-25,W001,P0061,18,18,0,32,17
2026-05-25,W001,P0062,33,17,16,21,18
2026-05-25,W001,P0063,115,28,87,54,32
2026-05-25,W001,P0064,207,12,195,40,13
2026-05-25,W001,P0065,112,23,89,59,18
2026-05-25,W001,P0066,253,6,247,25,35
2026-05-25,W001,P0067,104,11,93,55,19
2026-05-25,W001,P0068,147,23,124,15,13
2026-05-25,W001,P0069,94,16,78,59,29
2026-05-25,W001,P0070,244,23,221,34,37
2026-05-25,W001,P0071,122,5,117,35,31
2026-05-25,W001,P0072,35,5,30,26,20
2026-05-25,W001,P0073,233,4,229,15,31
2026-05-25,W001,P0074,242,13,229,36,10
2026-05-25,W001,P0075,90,8,82,19,15
2026-05-25,W001,P0076,4,19,-15,37,25
2026-05-25,W001,P0077,298,0,298,46,37
2026-05-25,W001,P0078,126,15,111,22,11
2026-05-25,W001,P0079,8,18,-10,58,19
2026-05-25,W001,P0080,116,16,100,47,15
2026-05-25,W001,P0081,75,24,51,21,13
2026-05-25,W001,P0082,155,25,130,36,24
2026-05-25,W001,P0083,251,23,228,37,27
2026-05-25,W001,P0084,131,21,110,46,18
2026-05-25,W001,P0085,186,14,172,15,36
2026-05-25,W001,P0086,180,9,171,60,20
2026-05-25,W001,P0087,265,24,241,57,37
2026-05-25,W001,P0088,247,3,244,32,31
2026-05-25,W001,P0089,265,23,242,55,10
2026-05-25,W001,P0090,75,13,62,29,31
2026-05-25,W001,P0091,72,11,61,46,10
2026-05-25,W001,P0092,125,18,107,59,23
2026-05-25,W001,P0093,184,6,178,20,16
2026-05-25,W001,P0094,193,20,173,21,40
2026-05-25,W001,P0095,140,28,112,55,31
2026-05-25,W001,P0096,278,28,250,43,40
2026-05-25,W001,P0097,269,5,264,31,39
2026-05-25,W001,P0098,178,28,150,36,22
2026-05-25,W001,P0099,213,30,183,32,19
2026-05-25,W001,P0100,97,1,96,52,26
2026-05-25,S999,P9999,,-5,-10,20,10
