TransactionID,TransactionDate,StoreID,ProductID,Quantity,UnitPrice,DiscountAmount,GrossSales,NetSales,PaymentMethod,SalesChannel
T000001,2026-05-14 12:02:49,S004,P0020,1,53.57,5.36,53.57,48.21,Wallet,Store
T000002,2026-05-14 14:10:49,S007,P0060,1,59.06,0.0,59.06,59.06,Wallet,Store
T000003,2026-05-16 00:12:52,S001,P0090,5,145.3,72.65,726.5,653.85,Card,Store
T000004,2026-05-24 19:53:02,S007,P0039,4,23.0,13.8,92.0,78.2,Wallet,Store
T000005,2026-05-14 17:40:54,S008,P0029,2,38.23,3.82,76.46,72.64,Cash,Store
T000006,2026-05-15 04:38:48,S006,P0050,4,18.16,0.0,72.64,72.64,Wallet,Store
T000007,2026-05-19 00:59:12,S001,P0069,4,173.59,104.15,694.36,590.21,Cash,Store
T000008,2026-05-06 01:49:50,S007,P0083,2,41.33,8.27,82.66,74.39,Card,Store
T000009,2026-05-11 12:17:16,S006,P0049,2,89.38,17.88,178.76,160.88,Card,Store
T000010,2026-05-16 00:42:20,S007,P0036,3,14.43,0.0,43.29,43.29,Wallet,Store
T000011,2026-05-21 02:29:53,S001,P0070,3,101.49,0.0,304.47,304.47,Wallet,Store
T000012,2026-05-01 22:37:19,S001,P0006,2,60.11,0.0,120.22,120.22,Cash,Store
T000013,2026-05-19 07:56:09,S003,P0031,4,133.01,0.0,532.04,532.04,Card,Store
T000014,2026-05-20 22:06:33,S005,P0090,3,145.3,0.0,435.9,435.9,Wallet,Store
T000015,2026-05-04 21:04:09,S002,P0092,2,103.99,10.4,207.98,197.58,Cash,Store
T000016,2026-05-23 07:13:15,S010,P0040,4,101.86,40.74,407.44,366.7,Cash,Store
T000017,2026-05-22 21:51:37,S004,P0076,1,119.43,5.97,119.43,113.46,Cash,Store
T000018,2026-05-14 13:29:31,S001,P0073,3,156.93,70.62,470.79,400.17,Cash,Store
T000019,2026-05-16 03:50:33,S006,P0065,1,32.67,3.27,32.67,29.4,Card,Store
T000020,2026-05-06 18:59:46,S008,P0047,2,57.17,11.43,114.34,102.91,Wallet,Store
T000021,2026-05-15 15:51:31,S010,P0035,5,69.17,34.59,345.85,311.26,Wallet,Store
T000022,2026-05-03 10:09:19,S005,P0076,3,119.43,0.0,358.29,358.29,Card,Store
T000023,2026-05-22 13:47:54,S008,P0032,5,187.28,140.46,936.4,795.94,Card,Store
T000024,2026-05-16 07:43:22,S008,P0004,3,44.1,0.0,132.3,132.3,Card,Store
T000025,2026-05-23 10:03:31,S006,P0034,3,23.19,10.44,69.57,59.13,Wallet,Store
T000026,2026-05-08 14:47:51,S009,P0002,2,70.73,0.0,141.46,141.46,Card,Store
T000027,2026-05-15 00:37:40,S004,P0072,4,114.12,45.65,456.48,410.83,Cash,Store
T000028,2026-05-10 21:10:25,S004,P0038,4,44.59,0.0,178.36,178.36,Card,Store
T000029,2026-05-14 20:02:20,S009,P0061,5,110.26,27.56,551.3,523.74,Card,Store
T000030,2026-05-09 08:23:37,S008,P0046,3,24.33,3.65,72.99,69.34,Cash,Store
T000031,2026-05-24 19:30:36,S004,P0093,3,14.68,0.0,44.04,44.04,Wallet,Store
T000032,2026-05-09 21:27:58,S004,P0024,2,111.14,22.23,222.28,200.05,Wallet,Store
T000033,2026-05-10 08:16:56,S005,P0077,1,88.55,0.0,88.55,88.55,Card,Store
T000034,2026-05-05 09:59:14,S005,P0023,1,182.66,27.4,182.66,155.26,Cash,Store
T000035,2026-05-21 17:52:20,S009,P0007,3,144.34,0.0,433.02,433.02,Cash,Store
T000036,2026-05-16 16:02:13,S010,P0002,3,70.73,21.22,212.19,190.97,Card,Store
T000037,2026-05-04 02:22:44,S001,P0024,3,111.14,33.34,333.42,300.08,Card,Store
T000038,2026-05-05 05:25:55,S002,P0063,5,97.34,0.0,486.7,486.7,Wallet,Store
T000039,2026-05-18 15:09:08,S002,P0039,2,23.0,0.0,46.0,46.0,Wallet,Store
T000040,2026-05-13 16:24:09,S010,P0077,2,88.55,26.56,177.1,150.54,Card,Store
T000041,2026-05-19 22:36:39,S010,P0039,4,23.0,4.6,92.0,87.4,Cash,Store
T000042,2026-05-09 02:57:21,S002,P0079,2,12.41,0.0,24.82,24.82,Cash,Store
T000043,2026-05-06 00:05:50,S003,P0031,5,133.01,0.0,665.05,665.05,Card,Store
T000044,2026-05-02 08:25:40,S010,P0058,4,51.47,10.29,205.88,195.59,Card,Store
T000045,2026-05-22 08:29:55,S005,P0091,4,54.63,0.0,218.52,218.52,Card,Store
T000046,2026-05-04 19:49:36,S010,P0081,2,84.16,16.83,168.32,151.49,Cash,Store
T000047,2026-05-03 02:10:16,S003,P0083,3,41.33,0.0,123.99,123.99,Cash,Store
T000048,2026-05-15 04:31:39,S010,P0040,5,101.86,25.47,509.3,483.83,Card,Store
T000049,2026-05-17 19:39:36,S005,P0089,4,21.03,4.21,84.12,79.91,Card,Store
T000050,2026-05-14 11:44:07,S002,P0057,5,66.37,0.0,331.85,331.85,Wallet,Store
T000051,2026-05-22 20:56:32,S001,P0033,1,74.69,0.0,74.69,74.69,Wallet,Store
T000052,2026-05-25 06:22:42,S005,P0003,5,61.31,0.0,306.55,306.55,Card,Store
T000053,2026-05-19 15:52:12,S008,P0067,3,14.66,0.0,43.98,43.98,Wallet,Store
T000054,2026-05-14 12:08:07,S002,P0063,4,97.34,19.47,389.36,369.89,Card,Store
T000055,2026-05-14 18:02:22,S002,P0086,2,62.39,6.24,124.78,118.54,Card,Store
T000056,2026-05-15 03:12:22,S007,P0085,5,75.89,0.0,379.45,379.45,Card,Store
T000057,2026-05-17 00:02:30,S006,P0033,1,74.69,7.47,74.69,67.22,Wallet,Store
T000058,2026-05-07 18:52:32,S008,P0070,4,101.49,0.0,405.96,405.96,Card,Store
T000059,2026-05-07 09:43:23,S008,P0080,4,21.84,0.0,87.36,87.36,Wallet,Store
T000060,2026-05-04 01:03:03,S005,P0017,4,99.39,39.76,397.56,357.8,Wallet,Store
T000061,2026-05-18 00:29:52,S004,P0078,2,68.94,6.89,137.88,130.99,Wallet,Store
T000062,2026-05-15 04:16:36,S002,P0053,2,122.01,0.0,244.02,244.02,Wallet,Store
T000063,2026-05-23 09:57:18,S008,P0020,3,53.57,24.11,160.71,136.6,Card,Store
T000064,2026-05-18 05:15:58,S008,P0062,2,57.17,11.43,114.34,102.91,Card,Store
T000065,2026-05-03 10:03:28,S010,P0025,5,95.59,0.0,477.95,477.95,Card,Store
T000066,2026-05-10 10:52:12,S009,P0044,3,21.97,0.0,65.91,65.91,Wallet,Store
T000067,2026-05-18 17:38:03,S008,P0075,2,97.7,19.54,195.4,175.86,Card,Store
T000068,2026-05-15 11:42:56,S009,P0043,5,93.77,46.89,468.85,421.96,Cash,Store
T000069,2026-05-08 14:57:21,S004,P0090,5,145.3,72.65,726.5,653.85,Cash,Store
T000070,2026-05-22 23:44:21,S008,P0041,4,62.42,24.97,249.68,224.71,Cash,Store
T000071,2026-05-19 12:05:15,S001,P0064,2,32.29,9.69,64.58,54.89,Cash,Store
T000072,2026-05-01 05:14:54,S002,P0057,5,66.37,33.19,331.85,298.66,Card,Store
T000073,2026-05-09 12:19:35,S003,P0084,1,82.16,8.22,82.16,73.94,Wallet,Store
T000074,2026-05-22 19:25:42,S007,P0089,1,21.03,1.05,21.03,19.98,Card,Store
T000075,2026-05-20 02:29:28,S008,P0041,5,62.42,0.0,312.1,312.1,Cash,Store
T000076,2026-05-14 03:35:03,S005,P0081,2,84.16,0.0,168.32,168.32,Wallet,Store
T000077,2026-05-23 10:54:11,S002,P0091,4,54.63,0.0,218.52,218.52,Cash,Store
T000078,2026-05-12 13:38:51,S006,P0006,1,60.11,3.01,60.11,57.1,Card,Store
T000079,2026-05-19 06:33:20,S004,P0019,5,114.2,57.1,571.0,513.9,Cash,Store
T000080,2026-05-20 08:46:06,S002,P0023,5,182.66,91.33,913.3,821.97,Card,Store
T000081,2026-05-21 09:14:49,S003,P0075,2,97.7,19.54,195.4,175.86,Card,Store
T000082,2026-05-22 19:54:03,S001,P0033,4,74.69,14.94,298.76,283.82,Cash,Store
T000083,2026-05-10 23:15:46,S008,P0010,3,184.67,83.1,554.01,470.91,Card,Store
T000084,2026-05-07 14:00:22,S005,P0089,4,21.03,4.21,84.12,79.91,Card,Store
T000085,2026-05-12 20:55:41,S004,P0014,4,166.66,100.0,666.64,566.64,Card,Store
T000086,2026-05-09 00:17:41,S005,P0090,1,145.3,14.53,145.3,130.77,Wallet,Store
T000087,2026-05-10 08:22:42,S001,P0088,5,91.35,45.68,456.75,411.07,Wallet,Store
T000088,2026-05-09 04:58:47,S004,P0046,2,24.33,7.3,48.66,41.36,Wallet,Store
T000089,2026-05-02 21:06:05,S001,P0013,3,75.22,22.57,225.66,203.09,Card,Store
T000090,2026-05-11 15:07:40,S003,P0094,1,138.97,6.95,138.97,132.02,Cash,Store
T000091,2026-05-17 18:16:11,S003,P0026,5,65.35,16.34,326.75,310.41,Card,Store
T000092,2026-05-24 12:19:56,S005,P0022,4,90.67,18.13,362.68,344.55,Cash,Store
T000093,2026-05-22 14:28:09,S002,P0060,2,59.06,0.0,118.12,118.12,Wallet,Store
T000094,2026-05-09 19:32:09,S002,P0047,4,57.17,0.0,228.68,228.68,Cash,Store
T000095,2026-05-13 23:14:55,S006,P0059,3,110.73,49.83,332.19,282.36,Card,Store
T000096,2026-05-20 20:26:24,S004,P0014,4,166.66,0.0,666.64,666.64,Card,Store
T000097,2026-05-23 11:00:08,S004,P0079,1,12.41,1.24,12.41,11.17,Wallet,Store
T000098,2026-05-02 11:04:53,S002,P0053,2,122.01,0.0,244.02,244.02,Card,Store
T000099,2026-05-05 14:09:00,S002,P0015,2,153.72,46.12,307.44,261.32,Card,Store
T000100,2026-05-24 05:37:33,S009,P0048,4,28.68,17.21,114.72,97.51,Card,Store
T000101,2026-05-14 10:11:06,S002,P0084,4,82.16,49.3,328.64,279.34,Cash,Store
T000102,2026-05-15 08:35:47,S006,P0089,2,21.03,4.21,42.06,37.85,Card,Store
T000103,2026-05-02 14:29:44,S006,P0013,5,75.22,18.81,376.1,357.29,Card,Store
T000104,2026-05-22 07:43:21,S002,P0025,4,95.59,0.0,382.36,382.36,Wallet,Store
T000105,2026-05-11 08:52:05,S010,P0082,1,96.77,0.0,96.77,96.77,Cash,Store
T000106,2026-05-07 21:20:58,S004,P0073,1,156.93,23.54,156.93,133.39,Cash,Store
T000107,2026-05-01 10:05:42,S006,P0030,2,137.6,41.28,275.2,233.92,Cash,Store
T000108,2026-05-04 00:56:19,S009,P0017,3,99.39,0.0,298.17,298.17,Cash,Store
T000109,2026-05-11 00:34:28,S006,P0002,2,70.73,21.22,141.46,120.24,Cash,Store
T000110,2026-05-17 04:08:16,S001,P0034,2,23.19,4.64,46.38,41.74,Wallet,Store
T000111,2026-05-17 21:36:52,S008,P0009,4,105.05,21.01,420.2,399.19,Cash,Store
T000112,2026-05-02 23:59:23,S009,P0058,2,51.47,15.44,102.94,87.5,Wallet,Store
T000113,2026-05-16 14:37:20,S008,P0039,1,23.0,0.0,23.0,23.0,Card,Store
T000114,2026-05-03 02:56:29,S002,P0088,4,91.35,36.54,365.4,328.86,Card,Store
T000115,2026-05-09 22:43:50,S003,P0078,1,68.94,0.0,68.94,68.94,Wallet,Store
T000116,2026-05-20 19:19:01,S009,P0075,3,97.7,29.31,293.1,263.79,Card,Store
T000117,2026-05-04 04:09:56,S009,P0059,5,110.73,55.37,553.65,498.28,Wallet,Store
T000118,2026-05-15 08:19:09,S009,P0084,2,82.16,16.43,164.32,147.89,Card,Store
T000119,2026-05-24 03:27:43,S008,P0044,4,21.97,8.79,87.88,79.09,Card,Store
T000120,2026-05-05 17:16:03,S006,P0055,3,63.94,9.59,191.82,182.23,Cash,Store
T000121,2026-05-04 13:34:03,S002,P0012,1,35.08,3.51,35.08,31.57,Cash,Store
T000122,2026-05-18 12:00:07,S001,P0072,5,114.12,85.59,570.6,485.01,Wallet,Store
T000123,2026-05-24 01:52:23,S007,P0016,3,51.68,15.5,155.04,139.54,Card,Store
T000124,2026-05-19 18:28:27,S005,P0077,3,88.55,0.0,265.65,265.65,Cash,Store
T000125,2026-05-12 20:15:10,S008,P0020,2,53.57,0.0,107.14,107.14,Card,Store
T000126,2026-05-14 20:25:26,S005,P0015,5,153.72,0.0,768.6,768.6,Wallet,Store
T000127,2026-05-22 09:44:14,S009,P0079,1,12.41,1.86,12.41,10.55,Cash,Store
T000128,2026-05-12 00:13:20,S005,P0024,3,111.14,16.67,333.42,316.75,Cash,Store
T000129,2026-05-05 23:03:11,S010,P0019,4,114.2,0.0,456.8,456.8,Cash,Store
T000130,2026-05-14 16:31:00,S009,P0012,2,35.08,7.02,70.16,63.14,Card,Store
T000131,2026-05-25 20:39:55,S006,P0021,3,144.78,21.72,434.34,412.62,Wallet,Store
T000132,2026-05-25 22:29:41,S001,P0011,2,90.41,0.0,180.82,180.82,Cash,Store
T000133,2026-05-22 15:26:16,S002,P0087,3,55.98,16.79,167.94,151.15,Card,Store
T000134,2026-05-07 18:39:14,S008,P0078,4,68.94,13.79,275.76,261.97,Cash,Store
T000135,2026-05-22 21:35:43,S007,P0045,1,33.79,1.69,33.79,32.1,Card,Store
T000136,2026-05-13 21:49:14,S005,P0068,1,119.82,0.0,119.82,119.82,Cash,Store
T000137,2026-05-25 04:59:47,S004,P0001,3,101.2,0.0,303.6,303.6,Card,Store
T000138,2026-05-16 15:40:46,S006,P0038,1,44.59,0.0,44.59,44.59,Cash,Store
T000139,2026-05-17 20:20:33,S007,P0017,5,99.39,0.0,496.95,496.95,Wallet,Store
T000140,2026-05-14 00:40:56,S002,P0046,4,24.33,0.0,97.32,97.32,Card,Store
T000141,2026-05-19 14:43:28,S006,P0010,5,184.67,92.34,923.35,831.01,Wallet,Store
T000142,2026-05-13 00:45:33,S007,P0082,3,96.77,0.0,290.31,290.31,Card,Store
T000143,2026-05-03 15:54:00,S010,P0022,4,90.67,18.13,362.68,344.55,Cash,Store
T000144,2026-05-17 02:51:48,S007,P0032,5,187.28,93.64,936.4,842.76,Card,Store
T000145,2026-05-25 06:07:17,S006,P0040,2,101.86,10.19,203.72,193.53,Cash,Store
T000146,2026-05-07 12:43:13,S002,P0066,5,137.94,103.45,689.7,586.25,Card,Store
T000147,2026-05-05 09:19:10,S003,P0094,2,138.97,0.0,277.94,277.94,Cash,Store
T000148,2026-05-06 22:51:46,S010,P0023,2,182.66,0.0,365.32,365.32,Card,Store
T000149,2026-05-22 20:33:09,S010,P0060,5,59.06,29.53,295.3,265.77,Wallet,Store
T000150,2026-05-05 16:00:40,S010,P0082,3,96.77,14.52,290.31,275.79,Cash,Store
T000151,2026-05-19 02:02:42,S008,P0061,3,110.26,16.54,330.78,314.24,Card,Store
T000152,2026-05-15 01:22:09,S002,P0065,3,32.67,9.8,98.01,88.21,Cash,Store
T000153,2026-05-20 21:37:47,S005,P0048,1,28.68,0.0,28.68,28.68,Wallet,Store
T000154,2026-05-24 01:29:36,S008,P0050,5,18.16,13.62,90.8,77.18,Card,Store
T000155,2026-05-16 18:15:15,S004,P0074,3,59.52,26.78,178.56,151.78,Cash,Store
T000156,2026-05-23 03:04:13,S008,P0008,1,18.79,0.94,18.79,17.85,Wallet,Store
T000157,2026-05-23 15:56:17,S003,P0083,1,41.33,0.0,41.33,41.33,Card,Store
T000158,2026-05-12 13:34:30,S009,P0068,5,119.82,0.0,599.1,599.1,Card,Store
T000159,2026-05-02 22:58:11,S007,P0050,3,18.16,8.17,54.48,46.31,Wallet,Store
T000160,2026-05-18 14:04:27,S002,P0043,3,93.77,0.0,281.31,281.31,Card,Store
T000161,2026-05-03 21:13:00,S010,P0033,2,74.69,7.47,149.38,141.91,Wallet,Store
T000162,2026-05-05 21:39:53,S006,P0019,3,114.2,34.26,342.6,308.34,Wallet,Store
T000163,2026-05-21 11:57:34,S005,P0011,5,90.41,45.21,452.05,406.84,Cash,Store
T000164,2026-05-17 13:10:25,S009,P0086,1,62.39,6.24,62.39,56.15,Cash,Store
T000165,2026-05-11 17:42:16,S005,P0047,2,57.17,0.0,114.34,114.34,Cash,Store
T000166,2026-05-10 03:40:56,S003,P0029,2,38.23,0.0,76.46,76.46,Wallet,Store
T000167,2026-05-22 12:15:40,S009,P0099,5,44.46,0.0,222.3,222.3,Wallet,Store
T000168,2026-05-06 06:35:03,S010,P0017,4,99.39,0.0,397.56,397.56,Wallet,Store
T000169,2026-05-02 14:57:32,S010,P0099,2,44.46,8.89,88.92,80.03,Card,Store
T000170,2026-05-10 16:20:41,S004,P0087,4,55.98,33.59,223.92,190.33,Cash,Store
T000171,2026-05-07 13:23:33,S004,P0069,3,173.59,52.08,520.77,468.69,Wallet,Store
T000172,2026-05-25 13:54:12,S008,P0074,4,59.52,11.9,238.08,226.18,Wallet,Store
T000173,2026-05-20 05:02:20,S007,P0068,2,119.82,0.0,239.64,239.64,Card,Store
T000174,2026-05-04 18:47:01,S008,P0007,3,144.34,64.95,433.02,368.07,Cash,Store
T000175,2026-05-15 18:41:26,S002,P0037,2,50.07,5.01,100.14,95.13,Cash,Store
T000176,2026-05-12 00:58:15,S002,P0056,2,104.18,20.84,208.36,187.52,Card,Store
T000177,2026-05-08 14:03:35,S007,P0007,5,144.34,36.09,721.7,685.61,Cash,Store
T000178,2026-05-04 23:39:51,S004,P0048,1,28.68,1.43,28.68,27.25,Card,Store
T000179,2026-05-16 05:03:11,S003,P0019,1,114.2,5.71,114.2,108.49,Wallet,Store
T000180,2026-05-03 00:41:30,S008,P0061,5,110.26,0.0,551.3,551.3,Card,Store
T000181,2026-05-17 15:24:36,S003,P0028,5,96.72,72.54,483.6,411.06,Cash,Store
T000182,2026-05-04 01:44:18,S005,P0100,2,29.71,2.97,59.42,56.45,Cash,Store
T000183,2026-05-04 18:11:53,S010,P0054,4,38.48,0.0,153.92,153.92,Wallet,Store
T000184,2026-05-08 05:13:38,S001,P0069,5,173.59,130.19,867.95,737.76,Card,Store
T000185,2026-05-08 20:46:38,S001,P0055,5,63.94,15.98,319.7,303.72,Card,Store
T000186,2026-05-03 19:09:11,S002,P0024,5,111.14,27.79,555.7,527.91,Wallet,Store
T000187,2026-05-13 17:07:01,S009,P0065,5,32.67,0.0,163.35,163.35,Cash,Store
T000188,2026-05-24 00:35:28,S007,P0082,3,96.77,14.52,290.31,275.79,Card,Store
T000189,2026-05-25 21:11:11,S006,P0009,2,105.05,0.0,210.1,210.1,Wallet,Store
T000190,2026-05-12 19:52:47,S006,P0097,2,40.86,0.0,81.72,81.72,Card,Store
T000191,2026-05-21 06:38:11,S003,P0083,4,41.33,16.53,165.32,148.79,Cash,Store
T000192,2026-05-07 01:35:41,S008,P0009,1,105.05,5.25,105.05,99.8,Cash,Store
T000193,2026-05-13 19:46:16,S006,P0006,3,60.11,27.05,180.33,153.28,Card,Store
T000194,2026-05-12 01:44:25,S001,P0033,2,74.69,7.47,149.38,141.91,Wallet,Store
T000195,2026-05-14 14:33:51,S005,P0043,1,93.77,4.69,93.77,89.08,Wallet,Store
T000196,2026-05-16 18:06:51,S007,P0057,3,66.37,0.0,199.11,199.11,Card,Store
T000197,2026-05-03 15:40:40,S005,P0067,1,14.66,1.47,14.66,13.19,Wallet,Store
T000198,2026-05-04 02:54:54,S009,P0024,3,111.14,16.67,333.42,316.75,Card,Store
T000199,2026-05-20 15:30:51,S005,P0085,3,75.89,22.77,227.67,204.9,Cash,Store
T000200,2026-05-02 12:50:10,S008,P0089,3,21.03,6.31,63.09,56.78,Wallet,Store
T000201,2026-05-22 23:12:40,S005,P0056,1,104.18,0.0,104.18,104.18,Card,Store
T000202,2026-05-05 22:07:15,S009,P0047,2,57.17,0.0,114.34,114.34,Wallet,Store
T000203,2026-05-08 23:29:22,S001,P0057,2,66.37,0.0,132.74,132.74,Card,Store
T000204,2026-05-20 05:35:11,S007,P0047,5,57.17,0.0,285.85,285.85,Wallet,Store
T000205,2026-05-25 02:47:57,S006,P0058,3,51.47,15.44,154.41,138.97,Wallet,Store
T000206,2026-05-11 23:38:59,S009,P0018,3,41.56,12.47,124.68,112.21,Card,Store
T000207,2026-05-16 18:51:01,S002,P0032,1,187.28,0.0,187.28,187.28,Card,Store
T000208,2026-05-23 16:14:53,S002,P0072,3,114.12,17.12,342.36,325.24,Cash,Store
T000209,2026-05-04 04:56:30,S005,P0079,4,12.41,0.0,49.64,49.64,Cash,Store
T000210,2026-05-22 11:38:09,S003,P0058,4,51.47,0.0,205.88,205.88,Wallet,Store
T000211,2026-05-10 10:55:15,S002,P0045,5,33.79,25.34,168.95,143.61,Cash,Store
T000212,2026-05-08 04:25:07,S003,P0092,3,103.99,46.8,311.97,265.17,Cash,Store
T000213,2026-05-12 20:10:16,S004,P0018,4,41.56,0.0,166.24,166.24,Wallet,Store
T000214,2026-05-20 03:08:20,S008,P0048,5,28.68,0.0,143.4,143.4,Cash,Store
T000215,2026-05-14 14:54:25,S007,P0040,4,101.86,61.12,407.44,346.32,Wallet,Store
T000216,2026-05-15 16:57:37,S003,P0010,3,184.67,0.0,554.01,554.01,Wallet,Store
T000217,2026-05-21 21:24:02,S006,P0067,2,14.66,4.4,29.32,24.92,Cash,Store
T000218,2026-05-02 04:31:14,S003,P0099,4,44.46,26.68,177.84,151.16,Wallet,Store
T000219,2026-05-11 08:12:32,S005,P0020,2,53.57,0.0,107.14,107.14,Card,Store
T000220,2026-05-07 23:07:18,S005,P0067,1,14.66,0.73,14.66,13.93,Wallet,Store
T000221,2026-05-18 03:24:05,S003,P0036,3,14.43,6.49,43.29,36.8,Wallet,Store
T000222,2026-05-05 06:13:59,S003,P0083,5,41.33,31.0,206.65,175.65,Wallet,Store
T000223,2026-05-02 01:01:58,S010,P0080,3,21.84,9.83,65.52,55.69,Cash,Store
T000224,2026-05-25 20:49:51,S010,P0006,3,60.11,0.0,180.33,180.33,Card,Store
T000225,2026-05-10 23:22:16,S001,P0080,4,21.84,13.1,87.36,74.26,Card,Store
T000226,2026-05-15 02:39:24,S004,P0062,4,57.17,11.43,228.68,217.25,Wallet,Store
T000227,2026-05-16 16:54:35,S003,P0008,4,18.79,7.52,75.16,67.64,Cash,Store
T000228,2026-05-23 11:37:33,S010,P0044,2,21.97,2.2,43.94,41.74,Wallet,Store
T000229,2026-05-17 20:26:56,S007,P0045,2,33.79,3.38,67.58,64.2,Cash,Store
T000230,2026-05-09 16:22:09,S004,P0041,4,62.42,0.0,249.68,249.68,Cash,Store
T000231,2026-05-13 22:24:18,S002,P0019,1,114.2,5.71,114.2,108.49,Card,Store
T000232,2026-05-24 11:23:08,S003,P0032,3,187.28,84.28,561.84,477.56,Cash,Store
T000233,2026-05-15 18:09:33,S003,P0098,4,88.52,53.11,354.08,300.97,Card,Store
T000234,2026-05-17 16:38:50,S001,P0064,1,32.29,3.23,32.29,29.06,Cash,Store
T000235,2026-05-02 10:14:37,S010,P0028,3,96.72,0.0,290.16,290.16,Card,Store
T000236,2026-05-01 03:54:49,S008,P0077,3,88.55,39.85,265.65,225.8,Card,Store
T000237,2026-05-12 01:38:50,S005,P0018,3,41.56,12.47,124.68,112.21,Card,Store
T000238,2026-05-12 20:08:32,S010,P0007,5,144.34,0.0,721.7,721.7,Card,Store
T000239,2026-05-25 20:01:10,S007,P0010,5,184.67,92.34,923.35,831.01,Card,Store
T000240,2026-05-04 14:20:29,S010,P0080,1,21.84,0.0,21.84,21.84,Card,Store
T000241,2026-05-07 21:56:06,S009,P0044,3,21.97,0.0,65.91,65.91,Wallet,Store
T000242,2026-05-02 04:59:21,S009,P0052,1,69.9,0.0,69.9,69.9,Wallet,Store
T000243,2026-05-05 22:04:23,S008,P0043,5,93.77,46.89,468.85,421.96,Wallet,Store
T000244,2026-05-06 14:18:25,S006,P0018,5,41.56,10.39,207.8,197.41,Wallet,Store
T000245,2026-05-17 18:33:29,S005,P0095,5,181.52,45.38,907.6,862.22,Wallet,Store
T000246,2026-05-01 13:24:41,S010,P0063,3,97.34,29.2,292.02,262.82,Card,Store
T000247,2026-05-10 22:54:38,S002,P0087,4,55.98,33.59,223.92,190.33,Cash,Store
T000248,2026-05-19 08:17:04,S008,P0077,3,88.55,39.85,265.65,225.8,Wallet,Store
T000249,2026-05-17 22:54:07,S010,P0007,4,144.34,0.0,577.36,577.36,Wallet,Store
T000250,2026-05-02 20:50:47,S007,P0080,2,21.84,0.0,43.68,43.68,Wallet,Store
T000251,2026-05-11 15:14:50,S004,P0015,1,153.72,15.37,153.72,138.35,Cash,Store
T000252,2026-05-25 22:15:47,S004,P0053,4,122.01,73.21,488.04,414.83,Card,Store
T000253,2026-05-07 20:25:16,S001,P0095,2,181.52,54.46,363.04,308.58,Card,Store
T000254,2026-05-11 06:18:19,S008,P0085,5,75.89,37.95,379.45,341.5,Card,Store
T000255,2026-05-22 23:25:19,S006,P0069,5,173.59,43.4,867.95,824.55,Wallet,Store
T000256,2026-05-08 10:09:29,S010,P0034,4,23.19,0.0,92.76,92.76,Wallet,Store
T000257,2026-05-23 07:32:48,S004,P0039,3,23.0,3.45,69.0,65.55,Wallet,Store
T000258,2026-05-12 20:24:24,S008,P0091,3,54.63,16.39,163.89,147.5,Wallet,Store
T000259,2026-05-22 19:46:37,S005,P0036,1,14.43,2.16,14.43,12.27,Card,Store
T000260,2026-05-02 10:28:20,S006,P0051,2,92.29,9.23,184.58,175.35,Wallet,Store
T000261,2026-05-24 17:26:33,S006,P0011,4,90.41,18.08,361.64,343.56,Cash,Store
T000262,2026-05-23 09:53:21,S009,P0026,3,65.35,29.41,196.05,166.64,Cash,Store
T000263,2026-05-08 01:50:53,S010,P0014,5,166.66,0.0,833.3,833.3,Wallet,Store
T000264,2026-05-04 15:02:52,S004,P0068,2,119.82,0.0,239.64,239.64,Card,Store
T000265,2026-05-01 20:02:15,S008,P0092,1,103.99,0.0,103.99,103.99,Cash,Store
T000266,2026-05-25 10:27:29,S008,P0053,4,122.01,0.0,488.04,488.04,Card,Store
T000267,2026-05-08 19:29:03,S001,P0037,1,50.07,7.51,50.07,42.56,Wallet,Store
T000268,2026-05-06 01:19:23,S001,P0093,2,14.68,2.94,29.36,26.42,Card,Store
T000269,2026-05-01 10:51:50,S003,P0064,3,32.29,0.0,96.87,96.87,Wallet,Store
T000270,2026-05-15 23:20:58,S002,P0078,3,68.94,10.34,206.82,196.48,Wallet,Store
T000271,2026-05-15 09:56:01,S008,P0068,2,119.82,35.95,239.64,203.69,Cash,Store
T000272,2026-05-21 09:22:00,S006,P0015,2,153.72,30.74,307.44,276.7,Wallet,Store
T000273,2026-05-19 07:01:58,S001,P0024,3,111.14,16.67,333.42,316.75,Cash,Store
T000274,2026-05-11 03:09:28,S007,P0079,4,12.41,7.45,49.64,42.19,Card,Store
T000275,2026-05-16 11:46:55,S002,P0086,2,62.39,0.0,124.78,124.78,Cash,Store
T000276,2026-05-15 09:43:15,S005,P0001,4,101.2,0.0,404.8,404.8,Card,Store
T000277,2026-05-09 23:47:59,S010,P0039,5,23.0,0.0,115.0,115.0,Card,Store
T000278,2026-05-15 11:10:13,S004,P0089,1,21.03,0.0,21.03,21.03,Cash,Store
T000279,2026-05-21 10:44:31,S009,P0052,3,69.9,0.0,209.7,209.7,Card,Store
T000280,2026-05-16 05:34:38,S004,P0079,2,12.41,0.0,24.82,24.82,Card,Store
T000281,2026-05-23 19:59:49,S010,P0096,3,134.76,40.43,404.28,363.85,Card,Store
T000282,2026-05-22 21:41:34,S009,P0097,2,40.86,0.0,81.72,81.72,Cash,Store
T000283,2026-05-03 20:32:26,S008,P0068,5,119.82,29.96,599.1,569.14,Cash,Store
T000284,2026-05-19 19:32:21,S009,P0008,5,18.79,0.0,93.95,93.95,Cash,Store
T000285,2026-05-04 07:28:42,S006,P0022,5,90.67,45.34,453.35,408.01,Wallet,Store
T000286,2026-05-15 02:01:32,S008,P0075,1,97.7,14.65,97.7,83.05,Card,Store
T000287,2026-05-19 02:06:07,S009,P0017,4,99.39,39.76,397.56,357.8,Wallet,Store
T000288,2026-05-09 00:06:35,S005,P0060,1,59.06,5.91,59.06,53.15,Wallet,Store
T000289,2026-05-14 12:32:38,S010,P0028,1,96.72,0.0,96.72,96.72,Wallet,Store
T000290,2026-05-16 01:09:19,S009,P0009,1,105.05,0.0,105.05,105.05,Card,Store
T000291,2026-05-12 13:55:32,S003,P0053,2,122.01,24.4,244.02,219.62,Card,Store
T000292,2026-05-05 23:47:40,S007,P0049,1,89.38,13.41,89.38,75.97,Card,Store
T000293,2026-05-17 04:38:11,S003,P0016,5,51.68,25.84,258.4,232.56,Wallet,Store
T000294,2026-05-15 19:49:21,S001,P0029,1,38.23,1.91,38.23,36.32,Card,Store
T000295,2026-05-15 12:36:11,S007,P0069,2,173.59,0.0,347.18,347.18,Cash,Store
T000296,2026-05-22 15:15:50,S004,P0036,1,14.43,0.0,14.43,14.43,Wallet,Store
T000297,2026-05-03 03:40:24,S001,P0099,2,44.46,0.0,88.92,88.92,Wallet,Store
T000298,2026-05-08 01:36:38,S008,P0005,5,47.95,0.0,239.75,239.75,Card,Store
T000299,2026-05-25 02:03:18,S004,P0057,5,66.37,0.0,331.85,331.85,Cash,Store
T000300,2026-05-11 21:01:30,S005,P0065,2,32.67,9.8,65.34,55.54,Wallet,Store
T000301,2026-05-05 18:58:41,S006,P0099,2,44.46,4.45,88.92,84.47,Cash,Store
T000302,2026-05-18 21:32:30,S005,P0053,3,122.01,0.0,366.03,366.03,Wallet,Store
T000303,2026-05-02 12:32:23,S007,P0023,5,182.66,91.33,913.3,821.97,Wallet,Store
T000304,2026-05-23 15:09:28,S007,P0086,5,62.39,15.6,311.95,296.35,Card,Store
T000305,2026-05-25 19:35:07,S005,P0020,4,53.57,0.0,214.28,214.28,Card,Store
T000306,2026-05-15 02:05:52,S004,P0031,3,133.01,0.0,399.03,399.03,Wallet,Store
T000307,2026-05-05 14:08:30,S007,P0053,5,122.01,91.51,610.05,518.54,Cash,Store
T000308,2026-05-15 13:30:37,S004,P0033,3,74.69,0.0,224.07,224.07,Cash,Store
T000309,2026-05-13 22:01:34,S004,P0069,1,173.59,8.68,173.59,164.91,Wallet,Store
T000310,2026-05-24 20:20:49,S002,P0006,2,60.11,18.03,120.22,102.19,Cash,Store
T000311,2026-05-01 07:42:42,S004,P0062,3,57.17,8.58,171.51,162.93,Cash,Store
T000312,2026-05-23 22:00:20,S002,P0095,4,181.52,0.0,726.08,726.08,Wallet,Store
T000313,2026-05-11 10:18:21,S007,P0027,2,36.85,11.05,73.7,62.65,Card,Store
T000314,2026-05-09 13:05:39,S009,P0060,3,59.06,8.86,177.18,168.32,Wallet,Store
T000315,2026-05-25 11:39:33,S008,P0064,1,32.29,3.23,32.29,29.06,Cash,Store
T000316,2026-05-19 08:03:22,S006,P0048,4,28.68,0.0,114.72,114.72,Wallet,Store
T000317,2026-05-19 21:05:09,S001,P0019,3,114.2,51.39,342.6,291.21,Wallet,Store
T000318,2026-05-11 08:22:29,S005,P0054,2,38.48,0.0,76.96,76.96,Card,Store
T000319,2026-05-21 12:17:25,S004,P0073,4,156.93,94.16,627.72,533.56,Card,Store
T000320,2026-05-06 12:49:20,S008,P0098,4,88.52,35.41,354.08,318.67,Cash,Store
T000321,2026-05-18 23:22:03,S009,P0018,4,41.56,0.0,166.24,166.24,Cash,Store
T000322,2026-05-25 00:13:56,S001,P0068,1,119.82,0.0,119.82,119.82,Card,Store
T000323,2026-05-01 07:57:48,S004,P0018,1,41.56,0.0,41.56,41.56,Wallet,Store
T000324,2026-05-21 22:26:48,S006,P0059,1,110.73,16.61,110.73,94.12,Card,Store
T000325,2026-05-18 20:05:05,S008,P0085,1,75.89,0.0,75.89,75.89,Card,Store
T000326,2026-05-18 10:26:16,S001,P0002,5,70.73,17.68,353.65,335.97,Cash,Store
T000327,2026-05-04 19:05:32,S007,P0065,2,32.67,0.0,65.34,65.34,Cash,Store
T000328,2026-05-09 12:54:17,S004,P0031,5,133.01,99.76,665.05,565.29,Card,Store
T000329,2026-05-15 20:34:15,S002,P0051,3,92.29,27.69,276.87,249.18,Cash,Store
T000330,2026-05-21 23:39:42,S004,P0090,3,145.3,0.0,435.9,435.9,Cash,Store
T000331,2026-05-18 17:19:50,S007,P0012,4,35.08,14.03,140.32,126.29,Cash,Store
T000332,2026-05-16 15:47:53,S001,P0082,2,96.77,0.0,193.54,193.54,Wallet,Store
T000333,2026-05-02 08:21:55,S010,P0043,1,93.77,14.07,93.77,79.7,Cash,Store
T000334,2026-05-02 02:42:24,S010,P0089,4,21.03,4.21,84.12,79.91,Wallet,Store
T000335,2026-05-06 11:27:00,S009,P0036,5,14.43,0.0,72.15,72.15,Cash,Store
T000336,2026-05-03 10:53:46,S010,P0027,2,36.85,7.37,73.7,66.33,Cash,Store
T000337,2026-05-22 19:40:52,S004,P0073,5,156.93,78.47,784.65,706.18,Card,Store
T000338,2026-05-24 12:35:32,S003,P0050,1,18.16,2.72,18.16,15.44,Cash,Store
T000339,2026-05-11 22:02:00,S007,P0013,2,75.22,0.0,150.44,150.44,Wallet,Store
T000340,2026-05-21 09:57:05,S007,P0077,3,88.55,0.0,265.65,265.65,Card,Store
T000341,2026-05-13 15:43:23,S004,P0063,3,97.34,43.8,292.02,248.22,Cash,Store
T000342,2026-05-25 22:31:23,S010,P0088,4,91.35,0.0,365.4,365.4,Card,Store
T000343,2026-05-05 13:50:07,S002,P0032,1,187.28,9.36,187.28,177.92,Wallet,Store
T000344,2026-05-12 03:52:45,S003,P0082,4,96.77,19.35,387.08,367.73,Cash,Store
T000345,2026-05-25 09:49:18,S005,P0001,4,101.2,20.24,404.8,384.56,Cash,Store
T000346,2026-05-15 20:16:45,S002,P0017,2,99.39,19.88,198.78,178.9,Wallet,Store
T000347,2026-05-03 12:53:08,S007,P0066,1,137.94,0.0,137.94,137.94,Wallet,Store
T000348,2026-05-13 00:26:57,S010,P0012,5,35.08,8.77,175.4,166.63,Card,Store
T000349,2026-05-08 20:49:27,S007,P0053,1,122.01,18.3,122.01,103.71,Wallet,Store
T000350,2026-05-09 10:57:49,S007,P0022,2,90.67,0.0,181.34,181.34,Card,Store
T000351,2026-05-14 10:02:50,S003,P0064,1,32.29,0.0,32.29,32.29,Card,Store
T000352,2026-05-09 08:58:41,S008,P0039,1,23.0,1.15,23.0,21.85,Wallet,Store
T000353,2026-05-07 16:40:12,S008,P0081,5,84.16,63.12,420.8,357.68,Cash,Store
T000354,2026-05-11 22:34:49,S005,P0018,1,41.56,4.16,41.56,37.4,Card,Store
T000355,2026-05-21 21:38:28,S008,P0043,3,93.77,28.13,281.31,253.18,Cash,Store
T000356,2026-05-16 11:26:20,S006,P0039,5,23.0,0.0,115.0,115.0,Cash,Store
T000357,2026-05-19 08:49:35,S006,P0051,3,92.29,27.69,276.87,249.18,Card,Store
T000358,2026-05-04 20:31:45,S005,P0049,4,89.38,17.88,357.52,339.64,Cash,Store
T000359,2026-05-01 16:48:25,S009,P0076,2,119.43,35.83,238.86,203.03,Wallet,Store
T000360,2026-05-14 18:10:44,S008,P0027,3,36.85,0.0,110.55,110.55,Cash,Store
T000361,2026-05-22 05:36:43,S005,P0082,2,96.77,9.68,193.54,183.86,Wallet,Store
T000362,2026-05-20 17:26:54,S007,P0055,1,63.94,6.39,63.94,57.55,Wallet,Store
T000363,2026-05-18 01:20:18,S009,P0052,5,69.9,34.95,349.5,314.55,Card,Store
T000364,2026-05-04 09:02:16,S009,P0090,5,145.3,0.0,726.5,726.5,Wallet,Store
T000365,2026-05-02 20:30:22,S006,P0086,2,62.39,18.72,124.78,106.06,Wallet,Store
T000366,2026-05-04 00:23:02,S007,P0087,3,55.98,16.79,167.94,151.15,Cash,Store
T000367,2026-05-18 21:08:09,S004,P0034,5,23.19,17.39,115.95,98.56,Wallet,Store
T000368,2026-05-13 16:51:34,S004,P0074,4,59.52,11.9,238.08,226.18,Wallet,Store
T000369,2026-05-01 17:34:37,S009,P0076,2,119.43,11.94,238.86,226.92,Cash,Store
T000370,2026-05-24 05:09:29,S007,P0038,1,44.59,0.0,44.59,44.59,Card,Store
T000371,2026-05-17 17:34:58,S006,P0040,4,101.86,0.0,407.44,407.44,Card,Store
T000372,2026-05-11 02:26:44,S002,P0061,4,110.26,44.1,441.04,396.94,Card,Store
T000373,2026-05-21 03:58:54,S002,P0006,1,60.11,3.01,60.11,57.1,Wallet,Store
T000374,2026-05-18 05:49:49,S004,P0022,5,90.67,0.0,453.35,453.35,Card,Store
T000375,2026-05-13 22:55:43,S007,P0072,4,114.12,0.0,456.48,456.48,Cash,Store
T000376,2026-05-24 22:21:32,S007,P0024,4,111.14,0.0,444.56,444.56,Cash,Store
T000377,2026-05-01 07:49:13,S010,P0058,4,51.47,20.59,205.88,185.29,Cash,Store
T000378,2026-05-18 06:48:25,S002,P0036,5,14.43,0.0,72.15,72.15,Card,Store
T000379,2026-05-09 17:49:17,S004,P0042,4,36.49,0.0,145.96,145.96,Wallet,Store
T000380,2026-05-20 14:17:31,S006,P0082,5,96.77,48.39,483.85,435.46,Wallet,Store
T000381,2026-05-20 06:16:53,S006,P0015,3,153.72,46.12,461.16,415.04,Wallet,Store
T000382,2026-05-03 04:52:36,S005,P0091,5,54.63,40.97,273.15,232.18,Card,Store
T000383,2026-05-06 13:35:29,S004,P0016,3,51.68,0.0,155.04,155.04,Wallet,Store
T000384,2026-05-20 05:01:10,S009,P0019,4,114.2,45.68,456.8,411.12,Wallet,Store
T000385,2026-05-21 19:33:55,S007,P0050,2,18.16,3.63,36.32,32.69,Wallet,Store
T000386,2026-05-16 10:30:58,S003,P0083,5,41.33,0.0,206.65,206.65,Cash,Store
T000387,2026-05-02 13:04:19,S006,P0024,4,111.14,66.68,444.56,377.88,Cash,Store
T000388,2026-05-18 18:24:08,S003,P0063,2,97.34,19.47,194.68,175.21,Wallet,Store
T000389,2026-05-23 16:09:36,S007,P0064,4,32.29,12.92,129.16,116.24,Card,Store
T000390,2026-05-25 08:01:45,S002,P0022,5,90.67,0.0,453.35,453.35,Card,Store
T000391,2026-05-10 06:07:27,S005,P0005,2,47.95,14.38,95.9,81.52,Card,Store
T000392,2026-05-04 20:51:06,S008,P0073,5,156.93,117.7,784.65,666.95,Cash,Store
T000393,2026-05-25 01:30:53,S009,P0035,3,69.17,31.13,207.51,176.38,Wallet,Store
T000394,2026-05-04 23:47:58,S009,P0057,2,66.37,13.27,132.74,119.47,Cash,Store
T000395,2026-05-12 03:10:01,S001,P0039,4,23.0,4.6,92.0,87.4,Card,Store
T000396,2026-05-23 12:45:57,S004,P0016,2,51.68,15.5,103.36,87.86,Wallet,Store
T000397,2026-05-05 07:31:22,S007,P0079,2,12.41,3.72,24.82,21.1,Cash,Store
T000398,2026-05-09 21:43:51,S010,P0008,3,18.79,8.46,56.37,47.91,Wallet,Store
T000399,2026-05-19 09:44:01,S006,P0022,3,90.67,13.6,272.01,258.41,Wallet,Store
T000400,2026-05-02 10:05:49,S002,P0087,2,55.98,11.2,111.96,100.76,Wallet,Store
T000401,2026-05-23 11:43:37,S003,P0017,2,99.39,0.0,198.78,198.78,Cash,Store
T000402,2026-05-19 23:01:30,S007,P0098,4,88.52,0.0,354.08,354.08,Card,Store
T000403,2026-05-03 23:04:10,S007,P0081,4,84.16,33.66,336.64,302.98,Cash,Store
T000404,2026-05-15 17:46:08,S009,P0052,3,69.9,10.48,209.7,199.22,Card,Store
T000405,2026-05-21 13:02:32,S001,P0075,1,97.7,9.77,97.7,87.93,Cash,Store
T000406,2026-05-07 18:00:43,S007,P0069,2,173.59,34.72,347.18,312.46,Card,Store
T000407,2026-05-19 04:45:17,S005,P0042,3,36.49,16.42,109.47,93.05,Wallet,Store
T000408,2026-05-04 22:47:54,S006,P0063,1,97.34,0.0,97.34,97.34,Card,Store
T000409,2026-05-15 00:01:28,S002,P0003,2,61.31,12.26,122.62,110.36,Card,Store
T000410,2026-05-09 03:23:54,S003,P0026,3,65.35,0.0,196.05,196.05,Wallet,Store
T000411,2026-05-22 23:37:34,S005,P0047,1,57.17,2.86,57.17,54.31,Cash,Store
T000412,2026-05-14 23:51:55,S007,P0007,3,144.34,0.0,433.02,433.02,Cash,Store
T000413,2026-05-16 02:50:15,S002,P0091,1,54.63,0.0,54.63,54.63,Cash,Store
T000414,2026-05-01 00:17:36,S004,P0076,5,119.43,59.72,597.15,537.43,Wallet,Store
T000415,2026-05-16 02:34:43,S002,P0044,4,21.97,0.0,87.88,87.88,Cash,Store
T000416,2026-05-11 13:22:57,S002,P0050,1,18.16,0.0,18.16,18.16,Card,Store
T000417,2026-05-03 19:18:54,S007,P0018,2,41.56,0.0,83.12,83.12,Wallet,Store
T000418,2026-05-12 07:45:25,S010,P0002,2,70.73,14.15,141.46,127.31,Wallet,Store
T000419,2026-05-22 16:06:24,S003,P0096,4,134.76,80.86,539.04,458.18,Cash,Store
T000420,2026-05-19 13:58:55,S002,P0012,2,35.08,0.0,70.16,70.16,Card,Store
T000421,2026-05-09 23:28:11,S006,P0055,2,63.94,0.0,127.88,127.88,Cash,Store
T000422,2026-05-24 22:07:18,S009,P0032,5,187.28,140.46,936.4,795.94,Card,Store
T000423,2026-05-17 22:05:51,S001,P0100,3,29.71,0.0,89.13,89.13,Wallet,Store
T000424,2026-05-08 18:01:05,S007,P0025,3,95.59,0.0,286.77,286.77,Card,Store
T000425,2026-05-03 19:14:03,S004,P0015,4,153.72,92.23,614.88,522.65,Cash,Store
T000426,2026-05-19 15:19:23,S006,P0047,2,57.17,11.43,114.34,102.91,Card,Store
T000427,2026-05-01 21:23:06,S003,P0070,4,101.49,0.0,405.96,405.96,Cash,Store
T000428,2026-05-02 14:29:23,S005,P0002,2,70.73,0.0,141.46,141.46,Wallet,Store
T000429,2026-05-23 14:38:47,S009,P0037,4,50.07,20.03,200.28,180.25,Cash,Store
T000430,2026-05-05 10:06:08,S009,P0082,5,96.77,72.58,483.85,411.27,Cash,Store
T000431,2026-05-05 19:31:45,S002,P0040,5,101.86,0.0,509.3,509.3,Card,Store
T000432,2026-05-23 15:55:42,S010,P0051,1,92.29,4.61,92.29,87.68,Wallet,Store
T000433,2026-05-14 04:13:22,S001,P0031,2,133.01,0.0,266.02,266.02,Card,Store
T000434,2026-05-22 23:57:32,S010,P0079,1,12.41,0.62,12.41,11.79,Wallet,Store
T000435,2026-05-23 00:24:47,S002,P0023,1,182.66,0.0,182.66,182.66,Cash,Store
T000436,2026-05-24 09:26:20,S006,P0064,5,32.29,24.22,161.45,137.23,Cash,Store
T000437,2026-05-25 01:04:07,S003,P0048,3,28.68,0.0,86.04,86.04,Card,Store
T000438,2026-05-09 20:59:42,S005,P0055,5,63.94,0.0,319.7,319.7,Wallet,Store
T000439,2026-05-12 02:01:06,S008,P0010,4,184.67,110.8,738.68,627.88,Card,Store
T000440,2026-05-09 03:44:47,S003,P0073,3,156.93,0.0,470.79,470.79,Wallet,Store
T000441,2026-05-01 01:36:12,S002,P0087,2,55.98,16.79,111.96,95.17,Cash,Store
T000442,2026-05-13 05:27:51,S001,P0032,4,187.28,37.46,749.12,711.66,Cash,Store
T000443,2026-05-11 09:02:20,S009,P0005,4,47.95,0.0,191.8,191.8,Card,Store
T000444,2026-05-19 13:34:24,S006,P0093,3,14.68,0.0,44.04,44.04,Cash,Store
T000445,2026-05-17 01:40:19,S001,P0065,2,32.67,0.0,65.34,65.34,Card,Store
T000446,2026-05-11 03:08:42,S008,P0009,3,105.05,15.76,315.15,299.39,Wallet,Store
T000447,2026-05-10 20:31:39,S001,P0059,3,110.73,0.0,332.19,332.19,Card,Store
T000448,2026-05-12 21:32:34,S010,P0095,2,181.52,36.3,363.04,326.74,Card,Store
T000449,2026-05-05 00:13:55,S004,P0099,5,44.46,0.0,222.3,222.3,Card,Store
T000450,2026-05-21 00:20:57,S004,P0004,5,44.1,11.03,220.5,209.47,Card,Store
T000451,2026-05-07 19:17:23,S007,P0001,3,101.2,0.0,303.6,303.6,Cash,Store
T000452,2026-05-23 10:11:17,S008,P0054,1,38.48,0.0,38.48,38.48,Cash,Store
T000453,2026-05-23 13:33:43,S004,P0006,5,60.11,30.06,300.55,270.49,Card,Store
T000454,2026-05-17 04:51:39,S002,P0096,5,134.76,0.0,673.8,673.8,Wallet,Store
T000455,2026-05-02 15:50:14,S002,P0051,5,92.29,69.22,461.45,392.23,Wallet,Store
T000456,2026-05-11 14:18:25,S004,P0017,3,99.39,14.91,298.17,283.26,Wallet,Store
T000457,2026-05-09 08:30:19,S006,P0095,3,181.52,54.46,544.56,490.1,Cash,Store
T000458,2026-05-05 03:50:48,S003,P0026,5,65.35,0.0,326.75,326.75,Cash,Store
T000459,2026-05-04 19:30:44,S008,P0058,3,51.47,15.44,154.41,138.97,Card,Store
T000460,2026-05-15 09:38:55,S004,P0099,4,44.46,8.89,177.84,168.95,Cash,Store
T000461,2026-05-02 07:49:43,S003,P0012,3,35.08,15.79,105.24,89.45,Card,Store
T000462,2026-05-13 18:41:40,S002,P0019,2,114.2,11.42,228.4,216.98,Cash,Store
T000463,2026-05-01 14:43:24,S005,P0087,3,55.98,0.0,167.94,167.94,Card,Store
T000464,2026-05-15 03:42:37,S009,P0072,2,114.12,0.0,228.24,228.24,Cash,Store
T000465,2026-05-05 07:12:49,S001,P0016,1,51.68,0.0,51.68,51.68,Card,Store
T000466,2026-05-09 02:43:48,S002,P0048,5,28.68,21.51,143.4,121.89,Cash,Store
T000467,2026-05-03 12:04:16,S004,P0009,4,105.05,0.0,420.2,420.2,Cash,Store
T000468,2026-05-19 15:46:14,S008,P0006,1,60.11,0.0,60.11,60.11,Wallet,Store
T000469,2026-05-22 15:32:03,S008,P0051,1,92.29,9.23,92.29,83.06,Cash,Store
T000470,2026-05-09 16:14:19,S004,P0046,2,24.33,2.43,48.66,46.23,Cash,Store
T000471,2026-05-08 23:34:00,S010,P0005,5,47.95,35.96,239.75,203.79,Card,Store
T000472,2026-05-02 03:11:37,S007,P0064,5,32.29,16.14,161.45,145.31,Card,Store
T000473,2026-05-21 19:08:39,S003,P0050,4,18.16,0.0,72.64,72.64,Cash,Store
T000474,2026-05-23 13:04:29,S009,P0081,1,84.16,8.42,84.16,75.74,Card,Store
T000475,2026-05-17 11:42:33,S008,P0070,3,101.49,45.67,304.47,258.8,Card,Store
T000476,2026-05-20 07:58:27,S003,P0035,1,69.17,3.46,69.17,65.71,Cash,Store
T000477,2026-05-17 13:00:49,S005,P0100,1,29.71,2.97,29.71,26.74,Wallet,Store
T000478,2026-05-22 08:46:48,S003,P0030,1,137.6,0.0,137.6,137.6,Card,Store
T000479,2026-05-13 12:55:04,S001,P0069,2,173.59,52.08,347.18,295.1,Cash,Store
T000480,2026-05-24 13:03:46,S004,P0023,5,182.66,45.66,913.3,867.64,Wallet,Store
T000481,2026-05-05 20:30:07,S006,P0004,5,44.1,33.07,220.5,187.43,Cash,Store
T000482,2026-05-16 01:22:55,S009,P0064,3,32.29,0.0,96.87,96.87,Cash,Store
T000483,2026-05-01 19:10:02,S004,P0008,5,18.79,0.0,93.95,93.95,Card,Store
T000484,2026-05-05 12:24:23,S006,P0001,5,101.2,0.0,506.0,506.0,Wallet,Store
T000485,2026-05-05 21:21:28,S006,P0023,1,182.66,0.0,182.66,182.66,Wallet,Store
T000486,2026-05-03 13:36:07,S002,P0019,5,114.2,28.55,571.0,542.45,Wallet,Store
T000487,2026-05-11 10:59:12,S007,P0085,5,75.89,0.0,379.45,379.45,Card,Store
T000488,2026-05-21 11:33:06,S003,P0018,4,41.56,16.62,166.24,149.62,Cash,Store
T000489,2026-05-08 21:26:34,S009,P0091,5,54.63,13.66,273.15,259.49,Cash,Store
T000490,2026-05-06 00:03:55,S005,P0049,3,89.38,0.0,268.14,268.14,Wallet,Store
T000491,2026-05-06 21:55:56,S007,P0074,5,59.52,0.0,297.6,297.6,Card,Store
T000492,2026-05-16 05:07:14,S004,P0079,5,12.41,0.0,62.05,62.05,Card,Store
T000493,2026-05-11 06:06:45,S002,P0096,2,134.76,13.48,269.52,256.04,Wallet,Store
T000494,2026-05-09 07:38:03,S006,P0012,4,35.08,0.0,140.32,140.32,Cash,Store
T000495,2026-05-04 00:02:47,S002,P0089,3,21.03,3.15,63.09,59.94,Cash,Store
T000496,2026-05-14 17:57:09,S008,P0050,4,18.16,0.0,72.64,72.64,Card,Store
T000497,2026-05-16 21:02:46,S009,P0045,4,33.79,0.0,135.16,135.16,Wallet,Store
T000498,2026-05-03 01:12:59,S004,P0098,2,88.52,17.7,177.04,159.34,Card,Store
T000499,2026-05-03 12:26:41,S006,P0003,3,61.31,0.0,183.93,183.93,Cash,Store
T000500,2026-05-03 12:18:15,S003,P0049,1,89.38,13.41,89.38,75.97,Wallet,Store
T000501,2026-05-21 06:00:26,S008,P0079,1,12.41,1.24,12.41,11.17,Wallet,Store
T000502,2026-05-11 07:29:01,S003,P0056,1,104.18,0.0,104.18,104.18,Cash,Store
T000503,2026-05-22 10:14:59,S009,P0053,5,122.01,30.5,610.05,579.55,Card,Store
T000504,2026-05-19 20:00:45,S002,P0031,1,133.01,13.3,133.01,119.71,Card,Store
T000505,2026-05-14 03:11:25,S001,P0020,3,53.57,0.0,160.71,160.71,Card,Store
T000506,2026-05-04 00:56:13,S010,P0085,4,75.89,0.0,303.56,303.56,Cash,Store
T000507,2026-05-04 11:13:36,S005,P0022,1,90.67,9.07,90.67,81.6,Card,Store
T000508,2026-05-21 19:48:39,S008,P0061,3,110.26,0.0,330.78,330.78,Card,Store
T000509,2026-05-06 16:13:48,S006,P0024,4,111.14,22.23,444.56,422.33,Cash,Store
T000510,2026-05-08 09:46:40,S008,P0034,4,23.19,4.64,92.76,88.12,Wallet,Store
T000511,2026-05-22 12:31:01,S003,P0008,1,18.79,0.0,18.79,18.79,Wallet,Store
T000512,2026-05-02 14:05:38,S010,P0053,2,122.01,36.6,244.02,207.42,Wallet,Store
T000513,2026-05-08 17:20:24,S009,P0054,4,38.48,23.09,153.92,130.83,Card,Store
T000514,2026-05-19 18:49:00,S007,P0011,1,90.41,13.56,90.41,76.85,Wallet,Store
T000515,2026-05-25 16:20:56,S010,P0087,2,55.98,0.0,111.96,111.96,Cash,Store
T000516,2026-05-02 15:24:52,S004,P0022,2,90.67,0.0,181.34,181.34,Cash,Store
T000517,2026-05-20 09:23:21,S007,P0088,2,91.35,0.0,182.7,182.7,Card,Store
T000518,2026-05-18 14:28:02,S002,P0094,1,138.97,13.9,138.97,125.07,Wallet,Store
T000519,2026-05-01 22:41:05,S005,P0042,5,36.49,18.25,182.45,164.2,Wallet,Store
T000520,2026-05-05 05:23:44,S007,P0067,1,14.66,1.47,14.66,13.19,Wallet,Store
T000521,2026-05-19 03:40:37,S010,P0076,1,119.43,0.0,119.43,119.43,Card,Store
T000522,2026-05-13 23:50:24,S006,P0069,4,173.59,34.72,694.36,659.64,Card,Store
T000523,2026-05-06 10:01:39,S010,P0074,4,59.52,0.0,238.08,238.08,Card,Store
T000524,2026-05-02 14:24:37,S010,P0019,5,114.2,57.1,571.0,513.9,Card,Store
T000525,2026-05-09 13:33:36,S004,P0089,1,21.03,2.1,21.03,18.93,Cash,Store
T000526,2026-05-16 03:34:33,S005,P0044,3,21.97,3.3,65.91,62.61,Cash,Store
T000527,2026-05-09 15:10:27,S005,P0018,4,41.56,8.31,166.24,157.93,Wallet,Store
T000528,2026-05-07 14:49:28,S002,P0083,2,41.33,8.27,82.66,74.39,Wallet,Store
T000529,2026-05-17 05:47:16,S009,P0063,3,97.34,0.0,292.02,292.02,Cash,Store
T000530,2026-05-25 19:05:19,S009,P0040,4,101.86,0.0,407.44,407.44,Wallet,Store
T000531,2026-05-02 09:05:01,S003,P0004,2,44.1,0.0,88.2,88.2,Cash,Store
T000532,2026-05-09 13:24:40,S001,P0059,3,110.73,0.0,332.19,332.19,Card,Store
T000533,2026-05-08 13:33:39,S007,P0065,1,32.67,0.0,32.67,32.67,Card,Store
T000534,2026-05-19 20:04:24,S008,P0077,2,88.55,17.71,177.1,159.39,Card,Store
T000535,2026-05-10 00:59:57,S003,P0045,3,33.79,0.0,101.37,101.37,Card,Store
T000536,2026-05-08 23:34:13,S003,P0007,5,144.34,0.0,721.7,721.7,Cash,Store
T000537,2026-05-17 00:43:48,S004,P0087,3,55.98,16.79,167.94,151.15,Wallet,Store
T000538,2026-05-20 00:18:29,S008,P0002,2,70.73,0.0,141.46,141.46,Cash,Store
T000539,2026-05-14 13:42:25,S010,P0033,3,74.69,11.2,224.07,212.87,Card,Store
T000540,2026-05-10 18:57:21,S005,P0059,2,110.73,22.15,221.46,199.31,Wallet,Store
T000541,2026-05-17 13:37:31,S010,P0051,1,92.29,0.0,92.29,92.29,Wallet,Store
T000542,2026-05-10 03:56:09,S010,P0083,5,41.33,10.33,206.65,196.32,Card,Store
T000543,2026-05-09 09:30:29,S006,P0009,3,105.05,15.76,315.15,299.39,Wallet,Store
T000544,2026-05-17 08:44:56,S005,P0092,2,103.99,0.0,207.98,207.98,Cash,Store
T000545,2026-05-24 00:55:36,S007,P0077,3,88.55,0.0,265.65,265.65,Wallet,Store
T000546,2026-05-13 14:08:11,S005,P0064,3,32.29,9.69,96.87,87.18,Wallet,Store
T000547,2026-05-11 08:05:45,S010,P0005,5,47.95,0.0,239.75,239.75,Wallet,Store
T000548,2026-05-10 06:11:20,S008,P0069,3,173.59,78.12,520.77,442.65,Wallet,Store
T000549,2026-05-16 04:39:29,S003,P0072,3,114.12,0.0,342.36,342.36,Wallet,Store
T000550,2026-05-21 03:15:04,S009,P0034,2,23.19,2.32,46.38,44.06,Cash,Store
T000551,2026-05-11 13:31:57,S004,P0046,3,24.33,7.3,72.99,65.69,Card,Store
T000552,2026-05-16 01:57:15,S005,P0075,4,97.7,0.0,390.8,390.8,Wallet,Store
T000553,2026-05-16 07:04:59,S010,P0075,5,97.7,0.0,488.5,488.5,Wallet,Store
T000554,2026-05-14 01:58:06,S007,P0016,5,51.68,12.92,258.4,245.48,Cash,Store
T000555,2026-05-19 16:39:34,S004,P0018,3,41.56,12.47,124.68,112.21,Cash,Store
T000556,2026-05-11 22:58:30,S003,P0041,1,62.42,6.24,62.42,56.18,Cash,Store
T000557,2026-05-09 07:37:24,S001,P0041,1,62.42,6.24,62.42,56.18,Cash,Store
T000558,2026-05-05 22:22:21,S003,P0074,4,59.52,0.0,238.08,238.08,Card,Store
T000559,2026-05-16 13:57:22,S007,P0082,4,96.77,38.71,387.08,348.37,Cash,Store
T000560,2026-05-01 11:43:53,S009,P0005,2,47.95,4.8,95.9,91.1,Wallet,Store
T000561,2026-05-08 12:32:14,S001,P0025,1,95.59,0.0,95.59,95.59,Card,Store
T000562,2026-05-19 11:08:43,S002,P0017,4,99.39,59.63,397.56,337.93,Cash,Store
T000563,2026-05-15 18:56:35,S001,P0009,3,105.05,15.76,315.15,299.39,Wallet,Store
T000564,2026-05-11 17:50:48,S006,P0068,4,119.82,0.0,479.28,479.28,Card,Store
T000565,2026-05-01 08:18:59,S004,P0097,2,40.86,8.17,81.72,73.55,Cash,Store
T000566,2026-05-19 18:22:23,S003,P0094,2,138.97,0.0,277.94,277.94,Cash,Store
T000567,2026-05-21 09:18:46,S006,P0016,1,51.68,5.17,51.68,46.51,Wallet,Store
T000568,2026-05-22 03:56:10,S001,P0080,5,21.84,0.0,109.2,109.2,Wallet,Store
T000569,2026-05-15 13:50:40,S001,P0003,1,61.31,6.13,61.31,55.18,Cash,Store
T000570,2026-05-07 22:56:56,S005,P0071,4,56.68,0.0,226.72,226.72,Cash,Store
T000571,2026-05-09 22:40:31,S007,P0039,1,23.0,3.45,23.0,19.55,Wallet,Store
T000572,2026-05-17 22:29:22,S003,P0090,4,145.3,0.0,581.2,581.2,Cash,Store
T000573,2026-05-07 22:10:23,S002,P0037,1,50.07,5.01,50.07,45.06,Cash,Store
T000574,2026-05-12 14:55:07,S005,P0100,5,29.71,0.0,148.55,148.55,Card,Store
T000575,2026-05-07 17:30:01,S001,P0021,5,144.78,72.39,723.9,651.51,Card,Store
T000576,2026-05-04 20:54:15,S001,P0031,1,133.01,0.0,133.01,133.01,Wallet,Store
T000577,2026-05-03 03:41:16,S003,P0064,1,32.29,4.84,32.29,27.45,Card,Store
T000578,2026-05-09 16:54:13,S004,P0083,4,41.33,8.27,165.32,157.05,Cash,Store
T000579,2026-05-12 11:23:07,S003,P0013,1,75.22,3.76,75.22,71.46,Card,Store
T000580,2026-05-01 05:02:19,S002,P0095,1,181.52,0.0,181.52,181.52,Wallet,Store
T000581,2026-05-15 22:38:21,S003,P0083,3,41.33,6.2,123.99,117.79,Card,Store
T000582,2026-05-06 04:08:40,S002,P0094,3,138.97,20.85,416.91,396.06,Card,Store
T000583,2026-05-23 17:24:44,S008,P0052,3,69.9,20.97,209.7,188.73,Card,Store
T000584,2026-05-23 02:08:06,S003,P0084,1,82.16,0.0,82.16,82.16,Cash,Store
T000585,2026-05-19 15:57:10,S007,P0014,5,166.66,83.33,833.3,749.97,Cash,Store
T000586,2026-05-01 04:45:25,S007,P0079,3,12.41,5.58,37.23,31.65,Card,Store
T000587,2026-05-02 02:18:21,S002,P0063,4,97.34,38.94,389.36,350.42,Card,Store
T000588,2026-05-25 20:59:42,S006,P0084,1,82.16,12.32,82.16,69.84,Wallet,Store
T000589,2026-05-17 22:30:33,S004,P0073,3,156.93,70.62,470.79,400.17,Cash,Store
T000590,2026-05-22 23:21:10,S004,P0056,4,104.18,20.84,416.72,395.88,Card,Store
T000591,2026-05-01 23:25:31,S009,P0020,5,53.57,0.0,267.85,267.85,Cash,Store
T000592,2026-05-03 17:54:01,S008,P0065,4,32.67,0.0,130.68,130.68,Card,Store
T000593,2026-05-17 08:06:30,S006,P0031,3,133.01,0.0,399.03,399.03,Wallet,Store
T000594,2026-05-03 16:42:54,S007,P0083,4,41.33,0.0,165.32,165.32,Card,Store
T000595,2026-05-15 11:30:26,S008,P0074,1,59.52,5.95,59.52,53.57,Cash,Store
T000596,2026-05-14 01:18:16,S001,P0064,1,32.29,3.23,32.29,29.06,Wallet,Store
T000597,2026-05-20 23:12:43,S001,P0071,1,56.68,8.5,56.68,48.18,Card,Store
T000598,2026-05-11 13:13:44,S009,P0066,2,137.94,27.59,275.88,248.29,Cash,Store
T000599,2026-05-25 22:33:52,S008,P0029,3,38.23,17.2,114.69,97.49,Wallet,Store
T000600,2026-05-04 23:59:24,S006,P0061,4,110.26,0.0,441.04,441.04,Cash,Store
T000601,2026-05-18 19:00:17,S006,P0001,3,101.2,15.18,303.6,288.42,Card,Store
T000602,2026-05-16 05:06:48,S002,P0090,1,145.3,0.0,145.3,145.3,Wallet,Store
T000603,2026-05-20 07:07:59,S007,P0096,1,134.76,6.74,134.76,128.02,Cash,Store
T000604,2026-05-07 12:18:13,S007,P0016,2,51.68,10.34,103.36,93.02,Cash,Store
T000605,2026-05-04 16:24:08,S007,P0097,1,40.86,6.13,40.86,34.73,Card,Store
T000606,2026-05-16 00:09:28,S010,P0085,5,75.89,0.0,379.45,379.45,Wallet,Store
T000607,2026-05-19 17:34:58,S001,P0095,5,181.52,90.76,907.6,816.84,Wallet,Store
T000608,2026-05-24 04:40:27,S003,P0100,5,29.71,0.0,148.55,148.55,Cash,Store
T000609,2026-05-17 14:00:18,S010,P0050,5,18.16,4.54,90.8,86.26,Card,Store
T000610,2026-05-11 10:42:37,S004,P0078,3,68.94,20.68,206.82,186.14,Card,Store
T000611,2026-05-23 18:39:07,S003,P0018,4,41.56,24.94,166.24,141.3,Card,Store
T000612,2026-05-21 07:54:47,S009,P0090,3,145.3,65.38,435.9,370.52,Cash,Store
T000613,2026-05-22 04:49:49,S010,P0027,3,36.85,5.53,110.55,105.02,Wallet,Store
T000614,2026-05-23 23:11:16,S003,P0084,5,82.16,61.62,410.8,349.18,Card,Store
T000615,2026-05-16 21:13:09,S002,P0091,3,54.63,24.58,163.89,139.31,Wallet,Store
T000616,2026-05-14 00:27:53,S007,P0086,5,62.39,15.6,311.95,296.35,Wallet,Store
T000617,2026-05-02 02:03:39,S001,P0014,4,166.66,0.0,666.64,666.64,Cash,Store
T000618,2026-05-05 02:15:30,S003,P0035,3,69.17,10.38,207.51,197.13,Wallet,Store
T000619,2026-05-12 16:28:42,S004,P0038,5,44.59,0.0,222.95,222.95,Cash,Store
T000620,2026-05-13 08:39:02,S009,P0079,2,12.41,3.72,24.82,21.1,Wallet,Store
T000621,2026-05-13 15:10:00,S005,P0090,1,145.3,14.53,145.3,130.77,Wallet,Store
T000622,2026-05-24 09:09:03,S009,P0041,1,62.42,0.0,62.42,62.42,Cash,Store
T000623,2026-05-25 21:25:20,S008,P0080,2,21.84,2.18,43.68,41.5,Wallet,Store
T000624,2026-05-10 16:20:27,S010,P0095,2,181.52,0.0,363.04,363.04,Cash,Store
T000625,2026-05-24 18:42:30,S002,P0088,2,91.35,0.0,182.7,182.7,Cash,Store
T000626,2026-05-18 09:37:14,S001,P0049,4,89.38,17.88,357.52,339.64,Cash,Store
T000627,2026-05-11 16:58:42,S010,P0021,3,144.78,0.0,434.34,434.34,Wallet,Store
T000628,2026-05-20 01:51:05,S001,P0020,2,53.57,5.36,107.14,101.78,Wallet,Store
T000629,2026-05-18 13:02:14,S005,P0079,4,12.41,7.45,49.64,42.19,Cash,Store
T000630,2026-05-06 18:57:16,S006,P0091,5,54.63,0.0,273.15,273.15,Cash,Store
T000631,2026-05-18 14:41:16,S003,P0065,4,32.67,19.6,130.68,111.08,Cash,Store
T000632,2026-05-11 13:08:10,S004,P0045,2,33.79,3.38,67.58,64.2,Card,Store
T000633,2026-05-18 23:38:25,S010,P0028,5,96.72,48.36,483.6,435.24,Cash,Store
T000634,2026-05-21 22:20:39,S006,P0015,4,153.72,0.0,614.88,614.88,Wallet,Store
T000635,2026-05-04 14:02:57,S001,P0032,3,187.28,56.18,561.84,505.66,Card,Store
T000636,2026-05-25 13:39:06,S005,P0070,1,101.49,15.22,101.49,86.27,Wallet,Store
T000637,2026-05-10 23:43:17,S008,P0066,4,137.94,0.0,551.76,551.76,Cash,Store
T000638,2026-05-06 19:35:13,S009,P0042,1,36.49,0.0,36.49,36.49,Wallet,Store
T000639,2026-05-22 15:26:41,S002,P0001,2,101.2,0.0,202.4,202.4,Cash,Store
T000640,2026-05-24 05:35:52,S009,P0027,4,36.85,0.0,147.4,147.4,Cash,Store
T000641,2026-05-03 01:58:33,S006,P0059,1,110.73,0.0,110.73,110.73,Cash,Store
T000642,2026-05-08 09:25:01,S009,P0033,1,74.69,11.2,74.69,63.49,Card,Store
T000643,2026-05-11 00:36:53,S008,P0050,4,18.16,7.26,72.64,65.38,Card,Store
T000644,2026-05-21 22:30:48,S002,P0087,5,55.98,0.0,279.9,279.9,Cash,Store
T000645,2026-05-12 18:18:27,S010,P0097,1,40.86,0.0,40.86,40.86,Cash,Store
T000646,2026-05-10 15:56:07,S005,P0038,5,44.59,0.0,222.95,222.95,Card,Store
T000647,2026-05-18 08:00:18,S001,P0051,4,92.29,0.0,369.16,369.16,Cash,Store
T000648,2026-05-21 05:14:44,S007,P0096,5,134.76,33.69,673.8,640.11,Card,Store
T000649,2026-05-18 05:08:50,S006,P0087,1,55.98,8.4,55.98,47.58,Cash,Store
T000650,2026-05-13 19:33:25,S001,P0006,5,60.11,45.08,300.55,255.47,Wallet,Store
T000651,2026-05-07 15:01:27,S005,P0011,2,90.41,9.04,180.82,171.78,Wallet,Store
T000652,2026-05-08 22:27:36,S003,P0066,2,137.94,0.0,275.88,275.88,Card,Store
T000653,2026-05-02 19:58:59,S002,P0025,2,95.59,28.68,191.18,162.5,Card,Store
T000654,2026-05-22 02:27:09,S009,P0083,1,41.33,2.07,41.33,39.26,Card,Store
T000655,2026-05-11 13:00:10,S004,P0013,5,75.22,37.61,376.1,338.49,Cash,Store
T000656,2026-05-20 02:32:29,S004,P0086,1,62.39,3.12,62.39,59.27,Cash,Store
T000657,2026-05-20 11:07:45,S008,P0041,4,62.42,12.48,249.68,237.2,Wallet,Store
T000658,2026-05-12 11:31:02,S003,P0075,5,97.7,73.27,488.5,415.23,Card,Store
T000659,2026-05-08 23:19:55,S001,P0022,3,90.67,0.0,272.01,272.01,Card,Store
T000660,2026-05-16 16:51:06,S006,P0036,2,14.43,1.44,28.86,27.42,Card,Store
T000661,2026-05-04 06:23:58,S005,P0046,4,24.33,14.6,97.32,82.72,Wallet,Store
T000662,2026-05-18 07:09:06,S002,P0078,3,68.94,0.0,206.82,206.82,Card,Store
T000663,2026-05-17 22:59:48,S002,P0094,1,138.97,0.0,138.97,138.97,Cash,Store
T000664,2026-05-07 01:20:04,S010,P0075,4,97.7,58.62,390.8,332.18,Wallet,Store
T000665,2026-05-21 05:24:41,S009,P0034,5,23.19,11.6,115.95,104.35,Card,Store
T000666,2026-05-05 16:55:09,S004,P0051,5,92.29,23.07,461.45,438.38,Wallet,Store
T000667,2026-05-17 00:23:08,S002,P0066,4,137.94,27.59,551.76,524.17,Wallet,Store
T000668,2026-05-05 16:14:47,S010,P0031,2,133.01,39.9,266.02,226.12,Cash,Store
T000669,2026-05-24 17:36:13,S010,P0023,5,182.66,0.0,913.3,913.3,Card,Store
T000670,2026-05-03 09:37:29,S004,P0006,4,60.11,0.0,240.44,240.44,Card,Store
T000671,2026-05-12 14:07:48,S001,P0030,2,137.6,41.28,275.2,233.92,Card,Store
T000672,2026-05-04 18:58:57,S001,P0059,1,110.73,5.54,110.73,105.19,Wallet,Store
T000673,2026-05-19 06:19:46,S005,P0036,5,14.43,10.82,72.15,61.33,Card,Store
T000674,2026-05-21 02:50:02,S007,P0084,3,82.16,36.97,246.48,209.51,Wallet,Store
T000675,2026-05-13 12:50:55,S007,P0033,2,74.69,22.41,149.38,126.97,Card,Store
T000676,2026-05-17 05:03:34,S008,P0063,5,97.34,0.0,486.7,486.7,Card,Store
T000677,2026-05-21 10:13:26,S004,P0022,1,90.67,13.6,90.67,77.07,Cash,Store
T000678,2026-05-20 04:18:29,S003,P0020,2,53.57,5.36,107.14,101.78,Wallet,Store
T000679,2026-05-16 17:25:59,S007,P0030,3,137.6,0.0,412.8,412.8,Card,Store
T000680,2026-05-01 08:52:18,S010,P0027,2,36.85,7.37,73.7,66.33,Cash,Store
T000681,2026-05-05 22:55:15,S010,P0017,5,99.39,0.0,496.95,496.95,Wallet,Store
T000682,2026-05-06 09:24:10,S010,P0006,2,60.11,0.0,120.22,120.22,Cash,Store
T000683,2026-05-21 00:40:40,S007,P0067,5,14.66,10.99,73.3,62.31,Wallet,Store
T000684,2026-05-15 22:04:58,S005,P0094,1,138.97,0.0,138.97,138.97,Card,Store
T000685,2026-05-20 05:11:45,S003,P0062,2,57.17,11.43,114.34,102.91,Wallet,Store
T000686,2026-05-09 06:06:23,S003,P0099,5,44.46,33.34,222.3,188.96,Wallet,Store
T000687,2026-05-19 02:30:23,S006,P0088,4,91.35,54.81,365.4,310.59,Cash,Store
T000688,2026-05-01 07:22:02,S007,P0049,2,89.38,0.0,178.76,178.76,Wallet,Store
T000689,2026-05-04 06:27:35,S007,P0065,2,32.67,9.8,65.34,55.54,Card,Store
T000690,2026-05-17 04:16:43,S010,P0079,1,12.41,1.86,12.41,10.55,Cash,Store
T000691,2026-05-01 23:38:16,S003,P0062,5,57.17,42.88,285.85,242.97,Card,Store
T000692,2026-05-23 19:17:24,S007,P0067,3,14.66,0.0,43.98,43.98,Card,Store
T000693,2026-05-19 20:58:33,S008,P0030,4,137.6,27.52,550.4,522.88,Cash,Store
T000694,2026-05-25 08:27:55,S003,P0055,3,63.94,19.18,191.82,172.64,Cash,Store
T000695,2026-05-09 06:52:55,S010,P0037,5,50.07,25.04,250.35,225.31,Cash,Store
T000696,2026-05-04 18:55:26,S001,P0091,5,54.63,40.97,273.15,232.18,Cash,Store
T000697,2026-05-12 03:52:50,S004,P0049,3,89.38,26.81,268.14,241.33,Cash,Store
T000698,2026-05-18 15:25:17,S010,P0055,3,63.94,9.59,191.82,182.23,Wallet,Store
T000699,2026-05-25 07:24:58,S010,P0047,3,57.17,17.15,171.51,154.36,Card,Store
T000700,2026-05-12 20:21:21,S009,P0071,4,56.68,0.0,226.72,226.72,Wallet,Store
T000701,2026-05-12 14:29:43,S005,P0062,3,57.17,25.73,171.51,145.78,Wallet,Store
T000702,2026-05-23 05:53:26,S002,P0018,2,41.56,8.31,83.12,74.81,Cash,Store
T000703,2026-05-18 22:21:21,S009,P0028,4,96.72,19.34,386.88,367.54,Wallet,Store
T000704,2026-05-21 00:11:33,S001,P0088,2,91.35,18.27,182.7,164.43,Cash,Store
T000705,2026-05-03 02:19:59,S008,P0019,5,114.2,57.1,571.0,513.9,Card,Store
T000706,2026-05-02 13:59:34,S006,P0029,1,38.23,5.73,38.23,32.5,Card,Store
T000707,2026-05-02 06:22:53,S009,P0079,3,12.41,5.58,37.23,31.65,Wallet,Store
T000708,2026-05-22 18:51:55,S008,P0064,1,32.29,0.0,32.29,32.29,Card,Store
T000709,2026-05-17 08:26:05,S001,P0025,5,95.59,71.69,477.95,406.26,Wallet,Store
T000710,2026-05-21 00:00:37,S001,P0022,3,90.67,0.0,272.01,272.01,Cash,Store
T000711,2026-05-22 14:23:12,S005,P0012,4,35.08,7.02,140.32,133.3,Card,Store
T000712,2026-05-24 02:29:53,S004,P0076,5,119.43,0.0,597.15,597.15,Cash,Store
T000713,2026-05-12 12:39:04,S005,P0071,5,56.68,42.51,283.4,240.89,Card,Store
T000714,2026-05-13 20:55:54,S010,P0029,2,38.23,7.65,76.46,68.81,Cash,Store
T000715,2026-05-04 20:20:20,S003,P0034,4,23.19,13.91,92.76,78.85,Cash,Store
T000716,2026-05-17 09:22:56,S005,P0065,3,32.67,0.0,98.01,98.01,Wallet,Store
T000717,2026-05-19 17:36:30,S005,P0074,4,59.52,23.81,238.08,214.27,Cash,Store
T000718,2026-05-19 00:59:44,S006,P0097,4,40.86,16.34,163.44,147.1,Card,Store
T000719,2026-05-21 08:01:25,S005,P0015,1,153.72,15.37,153.72,138.35,Wallet,Store
T000720,2026-05-12 18:48:19,S004,P0090,3,145.3,43.59,435.9,392.31,Wallet,Store
T000721,2026-05-03 14:31:28,S005,P0002,2,70.73,7.07,141.46,134.39,Wallet,Store
T000722,2026-05-06 17:21:03,S006,P0096,1,134.76,20.21,134.76,114.55,Card,Store
T000723,2026-05-06 06:55:25,S004,P0046,5,24.33,6.08,121.65,115.57,Card,Store
T000724,2026-05-09 07:31:42,S004,P0095,2,181.52,0.0,363.04,363.04,Cash,Store
T000725,2026-05-05 03:53:03,S004,P0026,5,65.35,16.34,326.75,310.41,Cash,Store
T000726,2026-05-25 19:42:52,S008,P0011,5,90.41,0.0,452.05,452.05,Cash,Store
T000727,2026-05-16 20:55:03,S006,P0062,5,57.17,14.29,285.85,271.56,Card,Store
T000728,2026-05-13 08:05:10,S003,P0063,5,97.34,24.34,486.7,462.36,Wallet,Store
T000729,2026-05-16 19:41:19,S001,P0017,5,99.39,49.7,496.95,447.25,Cash,Store
T000730,2026-05-15 04:22:56,S006,P0065,4,32.67,0.0,130.68,130.68,Wallet,Store
T000731,2026-05-01 07:40:23,S008,P0067,3,14.66,0.0,43.98,43.98,Card,Store
T000732,2026-05-20 09:27:19,S002,P0075,3,97.7,14.66,293.1,278.44,Cash,Store
T000733,2026-05-16 22:19:18,S005,P0071,2,56.68,5.67,113.36,107.69,Card,Store
T000734,2026-05-07 15:15:31,S003,P0047,4,57.17,22.87,228.68,205.81,Wallet,Store
T000735,2026-05-09 16:24:37,S006,P0097,3,40.86,12.26,122.58,110.32,Cash,Store
T000736,2026-05-04 09:49:42,S003,P0074,5,59.52,0.0,297.6,297.6,Cash,Store
T000737,2026-05-05 05:26:41,S007,P0072,4,114.12,0.0,456.48,456.48,Card,Store
T000738,2026-05-05 22:57:40,S003,P0002,4,70.73,28.29,282.92,254.63,Wallet,Store
T000739,2026-05-09 20:28:00,S006,P0069,4,173.59,34.72,694.36,659.64,Wallet,Store
T000740,2026-05-02 07:50:41,S007,P0007,1,144.34,0.0,144.34,144.34,Card,Store
T000741,2026-05-09 13:08:32,S002,P0061,4,110.26,22.05,441.04,418.99,Card,Store
T000742,2026-05-01 14:59:30,S009,P0072,3,114.12,17.12,342.36,325.24,Cash,Store
T000743,2026-05-19 23:39:39,S010,P0045,2,33.79,10.14,67.58,57.44,Wallet,Store
T000744,2026-05-11 18:35:04,S003,P0069,3,173.59,26.04,520.77,494.73,Card,Store
T000745,2026-05-20 10:25:55,S008,P0100,1,29.71,2.97,29.71,26.74,Card,Store
T000746,2026-05-14 22:59:02,S003,P0081,2,84.16,8.42,168.32,159.9,Wallet,Store
T000747,2026-05-06 12:30:39,S007,P0074,1,59.52,0.0,59.52,59.52,Cash,Store
T000748,2026-05-20 23:28:14,S006,P0041,3,62.42,9.36,187.26,177.9,Card,Store
T000749,2026-05-17 16:23:40,S008,P0035,3,69.17,31.13,207.51,176.38,Card,Store
T000750,2026-05-24 08:32:33,S003,P0022,1,90.67,0.0,90.67,90.67,Wallet,Store
T000751,2026-05-13 03:45:01,S002,P0033,2,74.69,0.0,149.38,149.38,Cash,Store
T000752,2026-05-01 14:27:17,S008,P0009,5,105.05,0.0,525.25,525.25,Wallet,Store
T000753,2026-05-20 05:39:12,S002,P0098,1,88.52,4.43,88.52,84.09,Cash,Store
T000754,2026-05-08 10:20:47,S007,P0084,3,82.16,0.0,246.48,246.48,Card,Store
T000755,2026-05-06 01:02:24,S003,P0081,2,84.16,25.25,168.32,143.07,Cash,Store
T000756,2026-05-15 19:40:55,S006,P0085,3,75.89,22.77,227.67,204.9,Card,Store
T000757,2026-05-06 21:30:41,S008,P0071,2,56.68,17.0,113.36,96.36,Wallet,Store
T000758,2026-05-21 23:17:04,S010,P0059,4,110.73,66.44,442.92,376.48,Wallet,Store
T000759,2026-05-08 03:15:38,S006,P0040,4,101.86,61.12,407.44,346.32,Card,Store
T000760,2026-05-05 11:03:09,S006,P0040,4,101.86,20.37,407.44,387.07,Cash,Store
T000761,2026-05-10 17:04:58,S009,P0001,2,101.2,10.12,202.4,192.28,Wallet,Store
T000762,2026-05-01 15:40:18,S008,P0002,4,70.73,14.15,282.92,268.77,Card,Store
T000763,2026-05-12 06:51:56,S004,P0077,1,88.55,13.28,88.55,75.27,Card,Store
T000764,2026-05-06 23:31:11,S007,P0072,4,114.12,0.0,456.48,456.48,Card,Store
T000765,2026-05-14 22:46:02,S004,P0049,3,89.38,0.0,268.14,268.14,Cash,Store
T000766,2026-05-21 19:22:02,S010,P0067,3,14.66,2.2,43.98,41.78,Card,Store
T000767,2026-05-05 10:32:37,S004,P0053,1,122.01,0.0,122.01,122.01,Cash,Store
T000768,2026-05-09 22:40:25,S008,P0082,5,96.77,48.39,483.85,435.46,Card,Store
T000769,2026-05-02 19:28:39,S006,P0025,1,95.59,0.0,95.59,95.59,Cash,Store
T000770,2026-05-05 15:57:44,S002,P0024,3,111.14,16.67,333.42,316.75,Wallet,Store
T000771,2026-05-01 17:58:14,S004,P0002,1,70.73,0.0,70.73,70.73,Cash,Store
T000772,2026-05-12 16:52:56,S007,P0044,3,21.97,6.59,65.91,59.32,Wallet,Store
T000773,2026-05-02 09:42:11,S006,P0005,1,47.95,0.0,47.95,47.95,Card,Store
T000774,2026-05-07 09:06:18,S009,P0010,4,184.67,0.0,738.68,738.68,Card,Store
T000775,2026-05-25 16:07:39,S002,P0002,2,70.73,14.15,141.46,127.31,Cash,Store
T000776,2026-05-24 03:25:15,S001,P0095,2,181.52,36.3,363.04,326.74,Wallet,Store
T000777,2026-05-22 11:21:48,S004,P0086,4,62.39,24.96,249.56,224.6,Card,Store
T000778,2026-05-04 09:13:22,S001,P0021,5,144.78,108.58,723.9,615.32,Card,Store
T000779,2026-05-02 07:55:45,S005,P0082,2,96.77,9.68,193.54,183.86,Cash,Store
T000780,2026-05-06 10:03:08,S007,P0031,3,133.01,0.0,399.03,399.03,Wallet,Store
T000781,2026-05-02 21:09:22,S007,P0016,2,51.68,0.0,103.36,103.36,Wallet,Store
T000782,2026-05-25 03:15:28,S010,P0061,2,110.26,11.03,220.52,209.49,Cash,Store
T000783,2026-05-11 22:45:37,S008,P0021,1,144.78,21.72,144.78,123.06,Cash,Store
T000784,2026-05-04 04:34:52,S006,P0008,2,18.79,5.64,37.58,31.94,Card,Store
T000785,2026-05-15 07:01:32,S006,P0030,5,137.6,34.4,688.0,653.6,Cash,Store
T000786,2026-05-09 01:26:15,S007,P0089,3,21.03,0.0,63.09,63.09,Card,Store
T000787,2026-05-18 17:50:37,S008,P0091,5,54.63,13.66,273.15,259.49,Cash,Store
T000788,2026-05-11 17:03:13,S003,P0073,5,156.93,39.23,784.65,745.42,Card,Store
T000789,2026-05-17 05:38:39,S009,P0077,2,88.55,0.0,177.1,177.1,Card,Store
T000790,2026-05-15 00:01:34,S005,P0038,5,44.59,11.15,222.95,211.8,Wallet,Store
T000791,2026-05-20 13:15:20,S007,P0065,2,32.67,0.0,65.34,65.34,Wallet,Store
T000792,2026-05-13 06:54:46,S006,P0031,1,133.01,19.95,133.01,113.06,Wallet,Store
T000793,2026-05-20 10:18:30,S008,P0088,5,91.35,0.0,456.75,456.75,Card,Store
T000794,2026-05-17 23:59:22,S006,P0053,1,122.01,0.0,122.01,122.01,Cash,Store
T000795,2026-05-07 03:53:51,S003,P0006,2,60.11,0.0,120.22,120.22,Card,Store
T000796,2026-05-21 14:08:54,S002,P0025,1,95.59,14.34,95.59,81.25,Wallet,Store
T000797,2026-05-09 01:47:13,S009,P0063,5,97.34,73.0,486.7,413.7,Card,Store
T000798,2026-05-07 23:52:30,S010,P0029,1,38.23,0.0,38.23,38.23,Card,Store
T000799,2026-05-18 15:08:39,S008,P0011,1,90.41,4.52,90.41,85.89,Card,Store
T000800,2026-05-17 01:28:48,S001,P0091,5,54.63,13.66,273.15,259.49,Wallet,Store
T000801,2026-05-17 03:32:09,S005,P0010,1,184.67,0.0,184.67,184.67,Cash,Store
T000802,2026-05-07 07:01:52,S004,P0093,5,14.68,7.34,73.4,66.06,Wallet,Store
T000803,2026-05-18 20:19:16,S004,P0085,5,75.89,0.0,379.45,379.45,Card,Store
T000804,2026-05-22 16:42:05,S002,P0096,5,134.76,33.69,673.8,640.11,Wallet,Store
T000805,2026-05-06 20:01:25,S007,P0086,1,62.39,0.0,62.39,62.39,Card,Store
T000806,2026-05-20 16:07:46,S006,P0065,2,32.67,9.8,65.34,55.54,Card,Store
T000807,2026-05-14 23:03:20,S009,P0041,3,62.42,9.36,187.26,177.9,Card,Store
T000808,2026-05-19 19:51:56,S006,P0093,5,14.68,0.0,73.4,73.4,Cash,Store
T000809,2026-05-15 16:17:34,S009,P0049,3,89.38,13.41,268.14,254.73,Card,Store
T000810,2026-05-01 18:50:44,S001,P0001,3,101.2,45.54,303.6,258.06,Cash,Store
T000811,2026-05-07 11:27:55,S001,P0039,3,23.0,0.0,69.0,69.0,Cash,Store
T000812,2026-05-18 20:46:38,S005,P0099,5,44.46,33.34,222.3,188.96,Wallet,Store
T000813,2026-05-12 05:41:01,S002,P0020,1,53.57,5.36,53.57,48.21,Cash,Store
T000814,2026-05-08 09:19:46,S006,P0034,5,23.19,0.0,115.95,115.95,Card,Store
T000815,2026-05-07 02:48:38,S010,P0012,4,35.08,21.05,140.32,119.27,Wallet,Store
T000816,2026-05-23 20:58:47,S008,P0042,2,36.49,7.3,72.98,65.68,Cash,Store
T000817,2026-05-13 02:51:26,S005,P0077,1,88.55,13.28,88.55,75.27,Cash,Store
T000818,2026-05-14 04:23:19,S006,P0099,3,44.46,13.34,133.38,120.04,Cash,Store
T000819,2026-05-02 11:05:48,S010,P0096,1,134.76,13.48,134.76,121.28,Wallet,Store
T000820,2026-05-05 11:53:58,S006,P0006,5,60.11,45.08,300.55,255.47,Wallet,Store
T000821,2026-05-22 14:18:15,S004,P0090,2,145.3,0.0,290.6,290.6,Card,Store
T000822,2026-05-03 08:05:09,S010,P0097,5,40.86,30.64,204.3,173.66,Card,Store
T000823,2026-05-11 03:00:19,S007,P0038,2,44.59,0.0,89.18,89.18,Card,Store
T000824,2026-05-09 03:05:51,S001,P0074,5,59.52,29.76,297.6,267.84,Card,Store
T000825,2026-05-16 20:21:48,S007,P0065,2,32.67,0.0,65.34,65.34,Cash,Store
T000826,2026-05-18 22:25:39,S007,P0063,5,97.34,0.0,486.7,486.7,Wallet,Store
T000827,2026-05-09 15:39:29,S004,P0068,2,119.82,0.0,239.64,239.64,Card,Store
T000828,2026-05-22 15:03:29,S010,P0088,1,91.35,0.0,91.35,91.35,Card,Store
T000829,2026-05-12 21:37:20,S006,P0047,2,57.17,5.72,114.34,108.62,Wallet,Store
T000830,2026-05-20 16:06:01,S005,P0004,2,44.1,4.41,88.2,83.79,Wallet,Store
T000831,2026-05-07 13:36:37,S008,P0019,1,114.2,0.0,114.2,114.2,Cash,Store
T000832,2026-05-08 22:36:36,S002,P0097,1,40.86,0.0,40.86,40.86,Cash,Store
T000833,2026-05-10 16:23:10,S001,P0037,3,50.07,0.0,150.21,150.21,Card,Store
T000834,2026-05-07 07:25:12,S006,P0003,2,61.31,18.39,122.62,104.23,Wallet,Store
T000835,2026-05-20 05:08:46,S005,P0067,5,14.66,7.33,73.3,65.97,Wallet,Store
T000836,2026-05-22 19:10:48,S001,P0090,4,145.3,87.18,581.2,494.02,Cash,Store
T000837,2026-05-07 22:29:57,S003,P0033,1,74.69,3.73,74.69,70.96,Card,Store
T000838,2026-05-13 09:52:41,S008,P0007,1,144.34,0.0,144.34,144.34,Wallet,Store
T000839,2026-05-10 23:38:39,S006,P0085,1,75.89,0.0,75.89,75.89,Card,Store
T000840,2026-05-11 17:38:45,S007,P0030,5,137.6,0.0,688.0,688.0,Wallet,Store
T000841,2026-05-17 16:40:29,S002,P0069,2,173.59,0.0,347.18,347.18,Wallet,Store
T000842,2026-05-17 11:06:07,S001,P0092,1,103.99,0.0,103.99,103.99,Card,Store
T000843,2026-05-12 12:48:45,S007,P0063,2,97.34,0.0,194.68,194.68,Card,Store
T000844,2026-05-09 02:15:27,S005,P0081,2,84.16,25.25,168.32,143.07,Wallet,Store
T000845,2026-05-09 08:12:47,S007,P0033,1,74.69,11.2,74.69,63.49,Cash,Store
T000846,2026-05-24 13:54:56,S007,P0044,2,21.97,0.0,43.94,43.94,Wallet,Store
T000847,2026-05-08 20:51:30,S010,P0087,2,55.98,11.2,111.96,100.76,Cash,Store
T000848,2026-05-15 19:44:31,S005,P0055,5,63.94,15.98,319.7,303.72,Cash,Store
T000849,2026-05-22 07:21:57,S003,P0027,5,36.85,27.64,184.25,156.61,Cash,Store
T000850,2026-05-25 05:17:05,S009,P0040,2,101.86,20.37,203.72,183.35,Wallet,Store
T000851,2026-05-18 19:24:16,S003,P0073,3,156.93,0.0,470.79,470.79,Wallet,Store
T000852,2026-05-24 01:04:24,S003,P0016,3,51.68,0.0,155.04,155.04,Card,Store
T000853,2026-05-24 23:11:12,S007,P0053,3,122.01,36.6,366.03,329.43,Wallet,Store
T000854,2026-05-05 06:43:35,S003,P0036,2,14.43,0.0,28.86,28.86,Cash,Store
T000855,2026-05-20 20:38:43,S010,P0098,5,88.52,22.13,442.6,420.47,Wallet,Store
T000856,2026-05-22 00:56:58,S010,P0030,2,137.6,0.0,275.2,275.2,Card,Store
T000857,2026-05-20 17:04:01,S008,P0011,2,90.41,27.12,180.82,153.7,Wallet,Store
T000858,2026-05-16 17:15:08,S006,P0084,2,82.16,16.43,164.32,147.89,Cash,Store
T000859,2026-05-14 00:32:47,S004,P0021,2,144.78,0.0,289.56,289.56,Card,Store
T000860,2026-05-03 06:26:49,S004,P0053,2,122.01,0.0,244.02,244.02,Card,Store
T000861,2026-05-08 15:34:00,S008,P0079,3,12.41,3.72,37.23,33.51,Card,Store
T000862,2026-05-24 11:23:32,S001,P0100,5,29.71,14.86,148.55,133.69,Card,Store
T000863,2026-05-17 23:21:08,S010,P0079,5,12.41,9.31,62.05,52.74,Wallet,Store
T000864,2026-05-15 01:32:39,S009,P0005,1,47.95,4.8,47.95,43.15,Cash,Store
T000865,2026-05-18 14:06:17,S009,P0067,4,14.66,0.0,58.64,58.64,Wallet,Store
T000866,2026-05-15 14:29:31,S001,P0098,2,88.52,8.85,177.04,168.19,Card,Store
T000867,2026-05-14 10:43:10,S005,P0100,4,29.71,0.0,118.84,118.84,Wallet,Store
T000868,2026-05-21 16:26:44,S009,P0007,2,144.34,28.87,288.68,259.81,Cash,Store
T000869,2026-05-25 21:18:55,S009,P0093,1,14.68,0.0,14.68,14.68,Wallet,Store
T000870,2026-05-11 16:24:58,S003,P0070,4,101.49,40.6,405.96,365.36,Cash,Store
T000871,2026-05-15 03:17:00,S008,P0023,5,182.66,0.0,913.3,913.3,Card,Store
T000872,2026-05-04 16:21:43,S003,P0042,1,36.49,0.0,36.49,36.49,Wallet,Store
T000873,2026-05-24 18:37:45,S002,P0047,5,57.17,28.59,285.85,257.26,Wallet,Store
T000874,2026-05-02 06:13:18,S007,P0021,5,144.78,72.39,723.9,651.51,Card,Store
T000875,2026-05-06 01:52:05,S003,P0073,2,156.93,0.0,313.86,313.86,Card,Store
T000876,2026-05-21 06:34:44,S005,P0040,4,101.86,20.37,407.44,387.07,Cash,Store
T000877,2026-05-25 09:12:55,S004,P0017,1,99.39,14.91,99.39,84.48,Cash,Store
T000878,2026-05-01 22:08:09,S008,P0059,4,110.73,66.44,442.92,376.48,Card,Store
T000879,2026-05-15 14:55:59,S004,P0031,5,133.01,66.5,665.05,598.55,Card,Store
T000880,2026-05-08 19:55:41,S010,P0011,5,90.41,0.0,452.05,452.05,Card,Store
T000881,2026-05-06 05:23:52,S009,P0080,2,21.84,0.0,43.68,43.68,Cash,Store
T000882,2026-05-02 21:02:51,S006,P0084,1,82.16,0.0,82.16,82.16,Wallet,Store
T000883,2026-05-04 15:10:51,S006,P0039,1,23.0,0.0,23.0,23.0,Cash,Store
T000884,2026-05-19 20:28:05,S005,P0021,5,144.78,108.58,723.9,615.32,Cash,Store
T000885,2026-05-03 10:53:49,S010,P0059,3,110.73,0.0,332.19,332.19,Card,Store
T000886,2026-05-18 02:21:49,S007,P0048,1,28.68,2.87,28.68,25.81,Card,Store
T000887,2026-05-11 19:11:21,S003,P0061,1,110.26,5.51,110.26,104.75,Card,Store
T000888,2026-05-02 03:58:46,S004,P0068,2,119.82,35.95,239.64,203.69,Wallet,Store
T000889,2026-05-24 22:01:09,S009,P0094,1,138.97,13.9,138.97,125.07,Wallet,Store
T000890,2026-05-09 19:07:44,S007,P0037,5,50.07,12.52,250.35,237.83,Wallet,Store
T000891,2026-05-19 18:04:23,S006,P0080,2,21.84,6.55,43.68,37.13,Wallet,Store
T000892,2026-05-20 08:28:23,S008,P0094,4,138.97,0.0,555.88,555.88,Wallet,Store
T000893,2026-05-01 16:55:33,S004,P0038,1,44.59,0.0,44.59,44.59,Wallet,Store
T000894,2026-05-14 01:39:22,S004,P0016,5,51.68,25.84,258.4,232.56,Card,Store
T000895,2026-05-21 07:19:30,S009,P0045,2,33.79,0.0,67.58,67.58,Wallet,Store
T000896,2026-05-10 18:26:52,S005,P0037,1,50.07,2.5,50.07,47.57,Wallet,Store
T000897,2026-05-11 14:25:10,S001,P0042,1,36.49,1.82,36.49,34.67,Wallet,Store
T000898,2026-05-07 12:02:01,S010,P0073,1,156.93,0.0,156.93,156.93,Card,Store
T000899,2026-05-21 04:56:33,S008,P0087,4,55.98,0.0,223.92,223.92,Card,Store
T000900,2026-05-15 15:04:17,S008,P0020,5,53.57,13.39,267.85,254.46,Wallet,Store
T000901,2026-05-24 11:29:13,S009,P0008,3,18.79,8.46,56.37,47.91,Wallet,Store
T000902,2026-05-22 12:04:39,S001,P0069,2,173.59,52.08,347.18,295.1,Card,Store
T000903,2026-05-11 13:39:43,S003,P0009,3,105.05,0.0,315.15,315.15,Wallet,Store
T000904,2026-05-13 06:49:20,S003,P0069,5,173.59,130.19,867.95,737.76,Wallet,Store
T000905,2026-05-09 15:04:06,S005,P0015,3,153.72,0.0,461.16,461.16,Cash,Store
T000906,2026-05-10 07:52:09,S004,P0064,3,32.29,9.69,96.87,87.18,Wallet,Store
T000907,2026-05-02 07:21:29,S003,P0039,1,23.0,1.15,23.0,21.85,Cash,Store
T000908,2026-05-17 05:36:35,S009,P0057,1,66.37,6.64,66.37,59.73,Cash,Store
T000909,2026-05-25 11:55:04,S008,P0044,5,21.97,5.49,109.85,104.36,Cash,Store
T000910,2026-05-07 01:19:51,S002,P0099,5,44.46,0.0,222.3,222.3,Card,Store
T000911,2026-05-10 01:36:11,S009,P0050,1,18.16,0.0,18.16,18.16,Wallet,Store
T000912,2026-05-02 03:45:13,S002,P0077,3,88.55,26.56,265.65,239.09,Wallet,Store
T000913,2026-05-25 11:21:53,S005,P0099,1,44.46,6.67,44.46,37.79,Wallet,Store
T000914,2026-05-10 10:04:21,S006,P0027,2,36.85,0.0,73.7,73.7,Wallet,Store
T000915,2026-05-05 05:44:03,S008,P0041,1,62.42,3.12,62.42,59.3,Card,Store
T000916,2026-05-17 03:43:38,S001,P0015,5,153.72,115.29,768.6,653.31,Cash,Store
T000917,2026-05-09 05:09:14,S006,P0070,5,101.49,25.37,507.45,482.08,Wallet,Store
T000918,2026-05-03 11:20:12,S010,P0037,2,50.07,0.0,100.14,100.14,Wallet,Store
T000919,2026-05-05 01:03:20,S009,P0044,4,21.97,0.0,87.88,87.88,Card,Store
T000920,2026-05-02 03:08:07,S001,P0087,1,55.98,5.6,55.98,50.38,Card,Store
T000921,2026-05-21 16:13:56,S003,P0051,5,92.29,69.22,461.45,392.23,Wallet,Store
T000922,2026-05-23 19:25:24,S005,P0046,3,24.33,0.0,72.99,72.99,Cash,Store
T000923,2026-05-03 17:02:57,S008,P0097,5,40.86,0.0,204.3,204.3,Cash,Store
T000924,2026-05-08 08:08:53,S005,P0059,4,110.73,44.29,442.92,398.63,Cash,Store
T000925,2026-05-06 12:01:36,S005,P0079,3,12.41,3.72,37.23,33.51,Card,Store
T000926,2026-05-16 04:06:36,S008,P0059,1,110.73,0.0,110.73,110.73,Card,Store
T000927,2026-05-25 12:41:33,S008,P0062,2,57.17,5.72,114.34,108.62,Wallet,Store
T000928,2026-05-13 03:53:42,S003,P0074,5,59.52,0.0,297.6,297.6,Card,Store
T000929,2026-05-15 14:35:35,S002,P0072,3,114.12,51.35,342.36,291.01,Wallet,Store
T000930,2026-05-18 05:47:23,S004,P0053,5,122.01,0.0,610.05,610.05,Card,Store
T000931,2026-05-23 21:30:59,S002,P0050,3,18.16,0.0,54.48,54.48,Card,Store
T000932,2026-05-23 08:35:53,S010,P0056,3,104.18,46.88,312.54,265.66,Cash,Store
T000933,2026-05-04 21:33:36,S002,P0085,5,75.89,37.95,379.45,341.5,Wallet,Store
T000934,2026-05-15 06:24:51,S006,P0060,5,59.06,0.0,295.3,295.3,Card,Store
T000935,2026-05-22 21:42:52,S002,P0052,5,69.9,0.0,349.5,349.5,Card,Store
T000936,2026-05-07 05:03:28,S008,P0042,1,36.49,0.0,36.49,36.49,Wallet,Store
T000937,2026-05-15 19:20:32,S001,P0097,2,40.86,0.0,81.72,81.72,Card,Store
T000938,2026-05-07 07:29:16,S010,P0050,5,18.16,9.08,90.8,81.72,Wallet,Store
T000939,2026-05-14 12:32:03,S005,P0041,5,62.42,15.61,312.1,296.49,Cash,Store
T000940,2026-05-13 04:38:38,S001,P0075,5,97.7,73.27,488.5,415.23,Card,Store
T000941,2026-05-01 20:23:24,S006,P0008,5,18.79,0.0,93.95,93.95,Card,Store
T000942,2026-05-14 21:29:13,S005,P0015,1,153.72,0.0,153.72,153.72,Card,Store
T000943,2026-05-13 15:50:41,S006,P0081,4,84.16,33.66,336.64,302.98,Wallet,Store
T000944,2026-05-07 20:13:20,S003,P0028,4,96.72,0.0,386.88,386.88,Card,Store
T000945,2026-05-22 04:34:15,S007,P0047,2,57.17,5.72,114.34,108.62,Cash,Store
T000946,2026-05-24 17:43:12,S002,P0002,1,70.73,0.0,70.73,70.73,Wallet,Store
T000947,2026-05-21 15:08:27,S003,P0056,1,104.18,0.0,104.18,104.18,Card,Store
T000948,2026-05-06 16:32:38,S010,P0090,4,145.3,87.18,581.2,494.02,Wallet,Store
T000949,2026-05-12 08:13:08,S009,P0055,4,63.94,25.58,255.76,230.18,Cash,Store
T000950,2026-05-16 08:37:11,S010,P0055,1,63.94,9.59,63.94,54.35,Wallet,Store
T000951,2026-05-19 13:21:39,S005,P0065,4,32.67,19.6,130.68,111.08,Cash,Store
T000952,2026-05-04 21:07:36,S010,P0005,4,47.95,9.59,191.8,182.21,Card,Store
T000953,2026-05-25 10:10:24,S002,P0089,2,21.03,6.31,42.06,35.75,Card,Store
T000954,2026-05-03 08:55:42,S002,P0067,5,14.66,10.99,73.3,62.31,Card,Store
T000955,2026-05-10 22:19:12,S002,P0081,5,84.16,63.12,420.8,357.68,Cash,Store
T000956,2026-05-15 18:39:55,S009,P0044,1,21.97,2.2,21.97,19.77,Card,Store
T000957,2026-05-10 10:31:47,S006,P0074,4,59.52,11.9,238.08,226.18,Cash,Store
T000958,2026-05-09 02:14:10,S010,P0005,3,47.95,21.58,143.85,122.27,Wallet,Store
T000959,2026-05-02 23:53:45,S010,P0061,2,110.26,33.08,220.52,187.44,Card,Store
T000960,2026-05-16 03:00:14,S010,P0095,1,181.52,9.08,181.52,172.44,Cash,Store
T000961,2026-05-05 22:25:13,S002,P0065,3,32.67,4.9,98.01,93.11,Card,Store
T000962,2026-05-20 06:21:26,S005,P0036,1,14.43,0.0,14.43,14.43,Wallet,Store
T000963,2026-05-06 09:30:42,S003,P0095,4,181.52,36.3,726.08,689.78,Wallet,Store
T000964,2026-05-02 12:28:57,S008,P0031,2,133.01,39.9,266.02,226.12,Cash,Store
T000965,2026-05-25 15:02:05,S010,P0019,2,114.2,22.84,228.4,205.56,Card,Store
T000966,2026-05-19 12:33:49,S008,P0031,2,133.01,0.0,266.02,266.02,Cash,Store
T000967,2026-05-06 16:53:39,S005,P0083,1,41.33,0.0,41.33,41.33,Card,Store
T000968,2026-05-08 13:49:41,S005,P0061,4,110.26,66.16,441.04,374.88,Wallet,Store
T000969,2026-05-05 19:18:46,S007,P0091,4,54.63,10.93,218.52,207.59,Card,Store
T000970,2026-05-22 11:29:37,S005,P0002,4,70.73,28.29,282.92,254.63,Wallet,Store
T000971,2026-05-21 12:52:56,S001,P0088,1,91.35,13.7,91.35,77.65,Card,Store
T000972,2026-05-09 03:34:41,S005,P0079,3,12.41,1.86,37.23,35.37,Card,Store
T000973,2026-05-25 08:48:12,S010,P0084,4,82.16,32.86,328.64,295.78,Wallet,Store
T000974,2026-05-11 06:33:02,S010,P0087,2,55.98,16.79,111.96,95.17,Card,Store
T000975,2026-05-01 14:58:23,S001,P0071,1,56.68,0.0,56.68,56.68,Cash,Store
T000976,2026-05-08 10:18:52,S002,P0068,4,119.82,23.96,479.28,455.32,Card,Store
T000977,2026-05-03 02:04:15,S001,P0025,1,95.59,14.34,95.59,81.25,Wallet,Store
T000978,2026-05-23 04:22:05,S004,P0085,5,75.89,0.0,379.45,379.45,Cash,Store
T000979,2026-05-06 04:02:08,S003,P0078,4,68.94,41.36,275.76,234.4,Wallet,Store
T000980,2026-05-22 02:45:24,S005,P0024,3,111.14,33.34,333.42,300.08,Wallet,Store
T000981,2026-05-09 05:53:49,S005,P0059,4,110.73,22.15,442.92,420.77,Cash,Store
T000982,2026-05-11 02:11:12,S001,P0036,4,14.43,5.77,57.72,51.95,Card,Store
T000983,2026-05-16 07:18:22,S003,P0034,4,23.19,0.0,92.76,92.76,Wallet,Store
T000984,2026-05-05 19:41:01,S003,P0051,4,92.29,0.0,369.16,369.16,Card,Store
T000985,2026-05-23 09:25:47,S010,P0028,1,96.72,9.67,96.72,87.05,Cash,Store
T000986,2026-05-24 09:07:26,S002,P0005,1,47.95,7.19,47.95,40.76,Card,Store
T000987,2026-05-02 14:13:01,S008,P0003,2,61.31,0.0,122.62,122.62,Card,Store
T000988,2026-05-01 18:45:52,S006,P0020,4,53.57,32.14,214.28,182.14,Wallet,Store
T000989,2026-05-13 02:33:08,S008,P0099,4,44.46,17.78,177.84,160.06,Wallet,Store
T000990,2026-05-04 20:39:09,S001,P0029,4,38.23,15.29,152.92,137.63,Wallet,Store
T000991,2026-05-02 23:01:13,S006,P0046,3,24.33,7.3,72.99,65.69,Wallet,Store
T000992,2026-05-03 16:44:05,S006,P0012,5,35.08,8.77,175.4,166.63,Card,Store
T000993,2026-05-02 13:59:13,S004,P0083,2,41.33,12.4,82.66,70.26,Wallet,Store
T000994,2026-05-21 13:04:49,S005,P0025,4,95.59,0.0,382.36,382.36,Card,Store
T000995,2026-05-02 07:01:49,S008,P0011,2,90.41,0.0,180.82,180.82,Cash,Store
T000996,2026-05-13 02:17:36,S010,P0093,2,14.68,2.94,29.36,26.42,Wallet,Store
T000997,2026-05-15 00:35:51,S005,P0083,4,41.33,24.8,165.32,140.52,Cash,Store
T000998,2026-05-13 04:18:11,S001,P0044,3,21.97,0.0,65.91,65.91,Cash,Store
T000999,2026-05-05 21:05:36,S009,P0084,4,82.16,49.3,328.64,279.34,Cash,Store
T001000,2026-05-21 00:41:38,S001,P0010,2,184.67,36.93,369.34,332.41,Card,Store
T001001,2026-05-01 06:16:17,S001,P0080,2,21.84,0.0,43.68,43.68,Wallet,Store
T001002,2026-05-20 06:12:52,S005,P0007,1,144.34,14.43,144.34,129.91,Wallet,Store
T001003,2026-05-20 22:24:51,S002,P0009,1,105.05,10.51,105.05,94.54,Cash,Store
T001004,2026-05-24 14:38:12,S004,P0009,4,105.05,21.01,420.2,399.19,Card,Store
T001005,2026-05-11 07:45:48,S010,P0016,5,51.68,0.0,258.4,258.4,Cash,Store
T001006,2026-05-04 09:58:19,S003,P0076,3,119.43,0.0,358.29,358.29,Cash,Store
T001007,2026-05-18 06:00:27,S007,P0097,2,40.86,4.09,81.72,77.63,Card,Store
T001008,2026-05-04 23:01:03,S010,P0032,1,187.28,0.0,187.28,187.28,Wallet,Store
T001009,2026-05-03 00:13:52,S003,P0049,1,89.38,8.94,89.38,80.44,Cash,Store
T001010,2026-05-14 17:19:51,S002,P0023,5,182.66,45.66,913.3,867.64,Wallet,Store
T001011,2026-05-17 16:23:57,S004,P0017,2,99.39,9.94,198.78,188.84,Card,Store
T001012,2026-05-20 06:33:13,S003,P0031,5,133.01,0.0,665.05,665.05,Wallet,Store
T001013,2026-05-12 15:14:51,S010,P0064,1,32.29,1.61,32.29,30.68,Cash,Store
T001014,2026-05-17 03:29:01,S004,P0072,2,114.12,0.0,228.24,228.24,Wallet,Store
T001015,2026-05-15 22:48:31,S009,P0047,5,57.17,0.0,285.85,285.85,Wallet,Store
T001016,2026-05-04 05:25:58,S005,P0027,1,36.85,0.0,36.85,36.85,Wallet,Store
T001017,2026-05-22 01:34:11,S008,P0061,2,110.26,0.0,220.52,220.52,Cash,Store
T001018,2026-05-14 09:09:09,S006,P0083,3,41.33,0.0,123.99,123.99,Card,Store
T001019,2026-05-24 01:54:35,S008,P0079,1,12.41,0.0,12.41,12.41,Wallet,Store
T001020,2026-05-17 04:13:32,S003,P0023,1,182.66,18.27,182.66,164.39,Cash,Store
T001021,2026-05-11 15:15:27,S008,P0031,5,133.01,99.76,665.05,565.29,Cash,Store
T001022,2026-05-11 08:17:35,S006,P0096,2,134.76,0.0,269.52,269.52,Cash,Store
T001023,2026-05-08 02:40:37,S007,P0031,2,133.01,26.6,266.02,239.42,Card,Store
T001024,2026-05-05 07:52:13,S008,P0075,1,97.7,9.77,97.7,87.93,Wallet,Store
T001025,2026-05-05 16:39:56,S003,P0059,4,110.73,22.15,442.92,420.77,Wallet,Store
T001026,2026-05-11 04:37:53,S006,P0025,3,95.59,0.0,286.77,286.77,Cash,Store
T001027,2026-05-05 04:02:43,S010,P0089,1,21.03,1.05,21.03,19.98,Card,Store
T001028,2026-05-08 10:44:47,S007,P0059,2,110.73,11.07,221.46,210.39,Wallet,Store
T001029,2026-05-18 08:21:47,S010,P0021,2,144.78,43.43,289.56,246.13,Cash,Store
T001030,2026-05-19 17:14:21,S009,P0053,4,122.01,0.0,488.04,488.04,Card,Store
T001031,2026-05-08 11:54:59,S001,P0036,4,14.43,0.0,57.72,57.72,Card,Store
T001032,2026-05-19 00:11:05,S004,P0075,5,97.7,0.0,488.5,488.5,Card,Store
T001033,2026-05-02 15:29:57,S001,P0006,4,60.11,36.07,240.44,204.37,Wallet,Store
T001034,2026-05-16 08:45:24,S008,P0051,1,92.29,9.23,92.29,83.06,Cash,Store
T001035,2026-05-05 13:02:56,S001,P0072,4,114.12,0.0,456.48,456.48,Card,Store
T001036,2026-05-22 11:05:55,S002,P0031,1,133.01,13.3,133.01,119.71,Cash,Store
T001037,2026-05-01 16:33:36,S008,P0091,5,54.63,40.97,273.15,232.18,Card,Store
T001038,2026-05-12 22:49:17,S003,P0099,4,44.46,0.0,177.84,177.84,Card,Store
T001039,2026-05-23 12:07:14,S001,P0091,1,54.63,5.46,54.63,49.17,Wallet,Store
T001040,2026-05-23 22:18:01,S005,P0005,4,47.95,9.59,191.8,182.21,Wallet,Store
T001041,2026-05-11 01:59:44,S004,P0074,1,59.52,8.93,59.52,50.59,Wallet,Store
T001042,2026-05-13 13:18:38,S006,P0087,1,55.98,0.0,55.98,55.98,Card,Store
T001043,2026-05-06 23:35:57,S001,P0080,3,21.84,3.28,65.52,62.24,Wallet,Store
T001044,2026-05-05 12:11:39,S002,P0091,5,54.63,0.0,273.15,273.15,Cash,Store
T001045,2026-05-23 07:38:18,S002,P0070,4,101.49,60.89,405.96,345.07,Wallet,Store
T001046,2026-05-09 18:20:03,S004,P0098,3,88.52,13.28,265.56,252.28,Wallet,Store
T001047,2026-05-12 12:34:09,S005,P0055,1,63.94,0.0,63.94,63.94,Card,Store
T001048,2026-05-16 19:21:57,S009,P0063,5,97.34,0.0,486.7,486.7,Wallet,Store
T001049,2026-05-12 02:23:21,S005,P0069,4,173.59,104.15,694.36,590.21,Cash,Store
T001050,2026-05-06 10:29:57,S002,P0059,1,110.73,11.07,110.73,99.66,Cash,Store
T001051,2026-05-23 05:23:12,S003,P0014,3,166.66,0.0,499.98,499.98,Card,Store
T001052,2026-05-10 15:09:56,S004,P0020,5,53.57,0.0,267.85,267.85,Wallet,Store
T001053,2026-05-14 16:09:37,S003,P0070,4,101.49,20.3,405.96,385.66,Wallet,Store
T001054,2026-05-03 00:48:08,S001,P0083,3,41.33,0.0,123.99,123.99,Cash,Store
T001055,2026-05-11 23:52:31,S006,P0067,4,14.66,8.8,58.64,49.84,Wallet,Store
T001056,2026-05-18 16:12:40,S008,P0042,5,36.49,27.37,182.45,155.08,Card,Store
T001057,2026-05-06 09:27:59,S010,P0039,2,23.0,2.3,46.0,43.7,Cash,Store
T001058,2026-05-05 12:51:24,S006,P0062,3,57.17,0.0,171.51,171.51,Card,Store
T001059,2026-05-23 19:29:25,S003,P0059,5,110.73,0.0,553.65,553.65,Card,Store
T001060,2026-05-08 04:15:24,S003,P0024,2,111.14,0.0,222.28,222.28,Cash,Store
T001061,2026-05-09 13:27:33,S010,P0041,2,62.42,12.48,124.84,112.36,Cash,Store
T001062,2026-05-12 05:23:11,S009,P0027,1,36.85,1.84,36.85,35.01,Card,Store
T001063,2026-05-10 04:25:23,S009,P0058,2,51.47,15.44,102.94,87.5,Cash,Store
T001064,2026-05-11 05:40:54,S008,P0052,2,69.9,13.98,139.8,125.82,Cash,Store
T001065,2026-05-21 10:45:39,S009,P0095,5,181.52,45.38,907.6,862.22,Card,Store
T001066,2026-05-24 16:05:47,S010,P0038,2,44.59,13.38,89.18,75.8,Card,Store
T001067,2026-05-05 20:03:35,S002,P0089,4,21.03,0.0,84.12,84.12,Cash,Store
T001068,2026-05-08 16:14:14,S001,P0040,4,101.86,61.12,407.44,346.32,Card,Store
T001069,2026-05-21 07:06:18,S006,P0012,1,35.08,5.26,35.08,29.82,Wallet,Store
T001070,2026-05-01 03:02:36,S004,P0068,3,119.82,0.0,359.46,359.46,Wallet,Store
T001071,2026-05-07 17:51:26,S002,P0058,5,51.47,25.74,257.35,231.61,Card,Store
T001072,2026-05-22 13:08:45,S010,P0078,5,68.94,0.0,344.7,344.7,Card,Store
T001073,2026-05-12 00:26:37,S007,P0019,3,114.2,34.26,342.6,308.34,Card,Store
T001074,2026-05-18 03:11:21,S006,P0045,3,33.79,10.14,101.37,91.23,Cash,Store
T001075,2026-05-10 05:57:48,S008,P0094,4,138.97,55.59,555.88,500.29,Wallet,Store
T001076,2026-05-20 03:08:02,S007,P0055,2,63.94,19.18,127.88,108.7,Cash,Store
T001077,2026-05-11 02:24:25,S005,P0027,4,36.85,22.11,147.4,125.29,Wallet,Store
T001078,2026-05-14 23:15:29,S007,P0097,1,40.86,0.0,40.86,40.86,Card,Store
T001079,2026-05-23 20:40:37,S003,P0054,5,38.48,19.24,192.4,173.16,Cash,Store
T001080,2026-05-18 17:51:42,S003,P0026,4,65.35,13.07,261.4,248.33,Cash,Store
T001081,2026-05-18 16:52:25,S010,P0039,3,23.0,6.9,69.0,62.1,Cash,Store
T001082,2026-05-10 23:19:18,S001,P0004,2,44.1,4.41,88.2,83.79,Wallet,Store
T001083,2026-05-06 17:54:32,S002,P0061,3,110.26,33.08,330.78,297.7,Wallet,Store
T001084,2026-05-25 10:05:35,S004,P0083,1,41.33,0.0,41.33,41.33,Card,Store
T001085,2026-05-16 20:35:30,S010,P0009,3,105.05,47.27,315.15,267.88,Card,Store
T001086,2026-05-17 20:56:40,S008,P0034,1,23.19,1.16,23.19,22.03,Cash,Store
T001087,2026-05-05 11:38:21,S003,P0034,5,23.19,0.0,115.95,115.95,Card,Store
T001088,2026-05-02 09:55:39,S003,P0089,3,21.03,0.0,63.09,63.09,Card,Store
T001089,2026-05-10 19:16:57,S006,P0054,1,38.48,1.92,38.48,36.56,Wallet,Store
T001090,2026-05-25 03:26:27,S009,P0010,2,184.67,0.0,369.34,369.34,Wallet,Store
T001091,2026-05-11 10:57:42,S003,P0097,5,40.86,10.22,204.3,194.08,Card,Store
T001092,2026-05-19 12:48:08,S006,P0088,1,91.35,13.7,91.35,77.65,Cash,Store
T001093,2026-05-12 17:39:16,S003,P0002,5,70.73,17.68,353.65,335.97,Card,Store
T001094,2026-05-05 18:19:39,S003,P0044,1,21.97,0.0,21.97,21.97,Cash,Store
T001095,2026-05-18 20:03:55,S009,P0025,5,95.59,71.69,477.95,406.26,Wallet,Store
T001096,2026-05-03 04:14:38,S002,P0097,4,40.86,16.34,163.44,147.1,Cash,Store
T001097,2026-05-23 13:12:02,S008,P0003,3,61.31,9.2,183.93,174.73,Cash,Store
T001098,2026-05-06 11:05:35,S010,P0057,5,66.37,16.59,331.85,315.26,Cash,Store
T001099,2026-05-23 05:10:59,S002,P0096,2,134.76,0.0,269.52,269.52,Wallet,Store
T001100,2026-05-05 02:51:42,S005,P0030,2,137.6,0.0,275.2,275.2,Card,Store
T001101,2026-05-25 17:37:52,S002,P0089,1,21.03,0.0,21.03,21.03,Card,Store
T001102,2026-05-22 18:41:42,S004,P0006,1,60.11,0.0,60.11,60.11,Wallet,Store
T001103,2026-05-02 02:24:43,S008,P0008,1,18.79,0.94,18.79,17.85,Card,Store
T001104,2026-05-20 07:28:42,S001,P0086,1,62.39,0.0,62.39,62.39,Wallet,Store
T001105,2026-05-03 05:17:58,S003,P0026,3,65.35,0.0,196.05,196.05,Wallet,Store
T001106,2026-05-06 18:13:39,S010,P0036,3,14.43,2.16,43.29,41.13,Wallet,Store
T001107,2026-05-03 03:36:29,S004,P0079,5,12.41,9.31,62.05,52.74,Wallet,Store
T001108,2026-05-23 06:58:26,S001,P0098,5,88.52,0.0,442.6,442.6,Card,Store
T001109,2026-05-07 18:21:25,S009,P0022,1,90.67,0.0,90.67,90.67,Wallet,Store
T001110,2026-05-15 03:54:27,S006,P0061,5,110.26,0.0,551.3,551.3,Cash,Store
T001111,2026-05-17 08:17:05,S007,P0046,4,24.33,0.0,97.32,97.32,Card,Store
T001112,2026-05-04 18:55:21,S006,P0015,1,153.72,15.37,153.72,138.35,Cash,Store
T001113,2026-05-24 01:28:42,S006,P0064,3,32.29,14.53,96.87,82.34,Cash,Store
T001114,2026-05-10 16:38:12,S008,P0042,1,36.49,3.65,36.49,32.84,Wallet,Store
T001115,2026-05-18 14:49:43,S005,P0095,4,181.52,0.0,726.08,726.08,Card,Store
T001116,2026-05-22 13:22:41,S004,P0055,1,63.94,6.39,63.94,57.55,Cash,Store
T001117,2026-05-15 19:01:46,S008,P0002,1,70.73,7.07,70.73,63.66,Wallet,Store
T001118,2026-05-13 14:35:10,S002,P0087,1,55.98,0.0,55.98,55.98,Wallet,Store
T001119,2026-05-12 07:14:54,S002,P0076,2,119.43,0.0,238.86,238.86,Card,Store
T001120,2026-05-08 15:27:46,S010,P0026,4,65.35,0.0,261.4,261.4,Wallet,Store
T001121,2026-05-09 23:26:28,S005,P0064,5,32.29,24.22,161.45,137.23,Card,Store
T001122,2026-05-16 18:37:12,S008,P0046,5,24.33,12.17,121.65,109.48,Card,Store
T001123,2026-05-09 17:48:58,S008,P0019,1,114.2,0.0,114.2,114.2,Card,Store
T001124,2026-05-24 01:55:27,S003,P0030,1,137.6,0.0,137.6,137.6,Cash,Store
T001125,2026-05-20 11:54:14,S001,P0064,2,32.29,6.46,64.58,58.12,Cash,Store
T001126,2026-05-25 02:47:09,S010,P0039,5,23.0,0.0,115.0,115.0,Wallet,Store
T001127,2026-05-07 10:41:17,S009,P0097,4,40.86,16.34,163.44,147.1,Wallet,Store
T001128,2026-05-18 12:30:38,S008,P0064,5,32.29,8.07,161.45,153.38,Wallet,Store
T001129,2026-05-04 13:58:03,S001,P0070,1,101.49,10.15,101.49,91.34,Card,Store
T001130,2026-05-02 01:11:46,S007,P0041,4,62.42,24.97,249.68,224.71,Cash,Store
T001131,2026-05-14 04:53:47,S005,P0072,2,114.12,22.82,228.24,205.42,Card,Store
T001132,2026-05-19 17:51:37,S007,P0092,4,103.99,0.0,415.96,415.96,Wallet,Store
T001133,2026-05-16 20:28:15,S009,P0071,5,56.68,28.34,283.4,255.06,Cash,Store
T001134,2026-05-16 21:31:09,S001,P0065,4,32.67,6.53,130.68,124.15,Card,Store
T001135,2026-05-02 01:01:29,S006,P0079,3,12.41,1.86,37.23,35.37,Wallet,Store
T001136,2026-05-24 21:15:41,S003,P0006,3,60.11,9.02,180.33,171.31,Cash,Store
T001137,2026-05-14 12:33:58,S006,P0098,4,88.52,0.0,354.08,354.08,Card,Store
T001138,2026-05-08 08:32:32,S006,P0053,1,122.01,0.0,122.01,122.01,Wallet,Store
T001139,2026-05-10 04:10:03,S010,P0040,1,101.86,0.0,101.86,101.86,Card,Store
T001140,2026-05-02 16:46:52,S001,P0022,5,90.67,22.67,453.35,430.68,Wallet,Store
T001141,2026-05-09 00:44:34,S010,P0055,5,63.94,31.97,319.7,287.73,Wallet,Store
T001142,2026-05-13 20:45:57,S010,P0061,1,110.26,5.51,110.26,104.75,Card,Store
T001143,2026-05-04 07:29:48,S010,P0042,1,36.49,3.65,36.49,32.84,Card,Store
T001144,2026-05-20 10:54:18,S009,P0064,3,32.29,0.0,96.87,96.87,Card,Store
T001145,2026-05-18 07:47:39,S004,P0056,4,104.18,0.0,416.72,416.72,Card,Store
T001146,2026-05-13 08:13:27,S001,P0034,3,23.19,10.44,69.57,59.13,Wallet,Store
T001147,2026-05-19 12:15:50,S002,P0096,5,134.76,0.0,673.8,673.8,Card,Store
T001148,2026-05-14 07:38:10,S010,P0009,5,105.05,52.53,525.25,472.72,Card,Store
T001149,2026-05-14 19:39:32,S005,P0010,5,184.67,46.17,923.35,877.18,Card,Store
T001150,2026-05-20 18:45:50,S007,P0026,4,65.35,13.07,261.4,248.33,Card,Store
T001151,2026-05-21 18:47:42,S009,P0086,2,62.39,0.0,124.78,124.78,Cash,Store
T001152,2026-05-09 23:13:34,S008,P0074,2,59.52,11.9,119.04,107.14,Wallet,Store
T001153,2026-05-17 07:18:19,S007,P0079,5,12.41,0.0,62.05,62.05,Card,Store
T001154,2026-05-24 10:55:57,S003,P0060,2,59.06,0.0,118.12,118.12,Card,Store
T001155,2026-05-14 09:43:07,S006,P0053,1,122.01,0.0,122.01,122.01,Card,Store
T001156,2026-05-08 14:46:37,S003,P0083,3,41.33,18.6,123.99,105.39,Cash,Store
T001157,2026-05-08 11:18:23,S003,P0015,2,153.72,0.0,307.44,307.44,Card,Store
T001158,2026-05-21 01:20:50,S009,P0063,4,97.34,38.94,389.36,350.42,Cash,Store
T001159,2026-05-09 10:06:48,S005,P0021,2,144.78,0.0,289.56,289.56,Wallet,Store
T001160,2026-05-01 02:00:51,S003,P0071,1,56.68,5.67,56.68,51.01,Cash,Store
T001161,2026-05-14 13:13:56,S010,P0041,3,62.42,0.0,187.26,187.26,Wallet,Store
T001162,2026-05-08 04:04:31,S002,P0085,4,75.89,0.0,303.56,303.56,Wallet,Store
T001163,2026-05-22 21:07:56,S009,P0095,1,181.52,27.23,181.52,154.29,Wallet,Store
T001164,2026-05-20 04:27:07,S008,P0033,1,74.69,0.0,74.69,74.69,Card,Store
T001165,2026-05-14 07:56:14,S010,P0043,4,93.77,0.0,375.08,375.08,Cash,Store
T001166,2026-05-15 14:52:06,S003,P0014,2,166.66,16.67,333.32,316.65,Card,Store
T001167,2026-05-12 04:06:46,S001,P0076,4,119.43,71.66,477.72,406.06,Card,Store
T001168,2026-05-09 05:16:33,S007,P0070,4,101.49,0.0,405.96,405.96,Card,Store
T001169,2026-05-21 22:03:25,S006,P0061,3,110.26,0.0,330.78,330.78,Cash,Store
T001170,2026-05-18 14:00:22,S001,P0095,2,181.52,18.15,363.04,344.89,Card,Store
T001171,2026-05-08 16:06:26,S006,P0082,1,96.77,14.52,96.77,82.25,Card,Store
T001172,2026-05-03 08:34:22,S007,P0002,3,70.73,10.61,212.19,201.58,Card,Store
T001173,2026-05-25 23:27:46,S003,P0027,4,36.85,7.37,147.4,140.03,Card,Store
T001174,2026-05-16 15:02:07,S005,P0005,1,47.95,4.8,47.95,43.15,Card,Store
T001175,2026-05-23 09:30:05,S007,P0092,1,103.99,0.0,103.99,103.99,Wallet,Store
T001176,2026-05-24 19:56:31,S006,P0009,4,105.05,63.03,420.2,357.17,Wallet,Store
T001177,2026-05-21 23:21:34,S008,P0042,1,36.49,0.0,36.49,36.49,Cash,Store
T001178,2026-05-13 07:17:04,S008,P0081,2,84.16,0.0,168.32,168.32,Wallet,Store
T001179,2026-05-04 05:44:46,S006,P0040,5,101.86,0.0,509.3,509.3,Cash,Store
T001180,2026-05-11 16:26:17,S003,P0067,5,14.66,7.33,73.3,65.97,Card,Store
T001181,2026-05-22 21:35:28,S003,P0095,3,181.52,0.0,544.56,544.56,Card,Store
T001182,2026-05-12 06:37:20,S004,P0037,1,50.07,5.01,50.07,45.06,Card,Store
T001183,2026-05-01 20:20:07,S010,P0049,2,89.38,0.0,178.76,178.76,Wallet,Store
T001184,2026-05-07 09:31:52,S004,P0079,1,12.41,1.24,12.41,11.17,Wallet,Store
T001185,2026-05-14 21:51:34,S001,P0022,4,90.67,54.4,362.68,308.28,Card,Store
T001186,2026-05-19 04:16:21,S002,P0020,3,53.57,0.0,160.71,160.71,Cash,Store
T001187,2026-05-22 17:59:29,S009,P0092,4,103.99,41.6,415.96,374.36,Cash,Store
T001188,2026-05-10 17:59:31,S004,P0029,2,38.23,3.82,76.46,72.64,Card,Store
T001189,2026-05-07 10:18:09,S007,P0017,2,99.39,29.82,198.78,168.96,Wallet,Store
T001190,2026-05-14 05:18:49,S004,P0087,4,55.98,0.0,223.92,223.92,Cash,Store
T001191,2026-05-15 09:02:27,S005,P0038,2,44.59,13.38,89.18,75.8,Card,Store
T001192,2026-05-16 04:50:59,S008,P0075,1,97.7,0.0,97.7,97.7,Card,Store
T001193,2026-05-23 15:24:41,S007,P0089,2,21.03,4.21,42.06,37.85,Wallet,Store
T001194,2026-05-18 02:08:20,S005,P0077,1,88.55,0.0,88.55,88.55,Cash,Store
T001195,2026-05-20 21:46:51,S004,P0043,4,93.77,18.75,375.08,356.33,Wallet,Store
T001196,2026-05-17 22:33:39,S001,P0096,1,134.76,6.74,134.76,128.02,Card,Store
T001197,2026-05-18 01:29:50,S007,P0039,3,23.0,0.0,69.0,69.0,Wallet,Store
T001198,2026-05-16 12:20:56,S005,P0023,2,182.66,54.8,365.32,310.52,Card,Store
T001199,2026-05-14 05:09:45,S002,P0017,3,99.39,44.73,298.17,253.44,Card,Store
T001200,2026-05-16 10:13:51,S006,P0015,1,153.72,0.0,153.72,153.72,Wallet,Store
T_BAD_001,2026-06-14 00:00:00,S999,P9999,-2,20,5,-40,-45,Card,Store
T000001,2026-05-14 12:02:49,S004,P0020,1,53.57,5.36,53.57,48.21,Wallet,Store
